application_id,topic_id,display_order,application_area,disease_or_research_context,study_question,what_the_evidence_shows,evidence_stage,non_extrapolation_boundary,source_ids
H003-A01,H003,1,"化合物筛选与候选优选","药物发现、毒性与再利用研究","高维细胞形态是否可减少进入复测的候选空间？","在特定筛选体系中，细胞绘图（Cell Painting）表征可用于富集命中、维持结构多样性，或发现常规细胞病变与抗体测定未覆盖的候选。","体外筛选与复测","候选优先级不等于已证实的活性、选择性、靶点或人体疗效。","H003S006|H003S018|H003S021"
H003-A02,H003,2,"遗传变异功能线索","肺癌相关变异与大规模基因扰动研究","图像形态能否为变异和基因扰动提供可实验追踪的线索？","细胞绘图可比较部分肺癌变异或大规模遗传扰动造成的表型，并用于安排后续功能实验。","细胞模型与关联线索","形态表型不能单独完成变异致病性判定；需要独立遗传、蛋白或功能读出。","H003S004|H003S005|H003S010"
H003-A03,H003,3,"疾病相关细胞状态研究","心力衰竭成纤维细胞与病毒感染细胞","图像表型能否区分疾病或感染相关细胞状态？","研究已在患者来源心脏成纤维细胞和感染细胞模型中观察到可区分的形态特征，并用于提出状态与候选干预线索。","患者来源细胞与体外感染模型","患者来源细胞的体外表型不等于临床诊断指标；感染细胞中的候选也不等于抗病毒治疗证据。","H003S019|H003S021"
H003-A04,H003,4,"受体转运与肿瘤相关机制研究","EGFR 与 c-Met 信号和胞内转运","高内涵成像能否比较受体转运状态及其相关脂质读出？","时间分辨成像在 A549 细胞中描绘了 EGFR 与 c-Met 降解受阻时不同的转运与磷脂相关表型。","细胞系机制研究","研究提出候选读出，不证明患者肿瘤中的耐药机制或治疗反应。","H003S022"
H004-A01,H004,1,"罕见病分子诊断","未解决的智力障碍、神经肌肉疾病和早发帕金森病","长读长能否发现或解析短读长难以处理的结构变异和单倍型？","家系和疾病队列研究显示，长读长可在部分未解病例中补充复杂结构、相位和重复扩增证据。","诊断研究与病例/队列证据","技术确认变异结构不等同于完成致病性判断；仍需家系共分离、功能与临床表型证据。","H004S010|H004S017|H004S019"
H004-A02,H004,2,"重复扩增与神经发育/神经退行性疾病","串联重复相关疾病队列","长读长和专用分型工具能否区分潜在致病的重复拷贝数？","TandemTwister 在不同长读长平台和小型疾病队列中展示了重复分型、可视化及健康与致病拷贝数范围的区分能力。","方法基准与有限疾病队列","位点、阈值和性能不能直接迁移到所有遗传病；临床报告仍需正交确认。","H004S022|H004S018"
H004-A03,H004,3,"肿瘤重排与体细胞结构变异","进展期癌症、黏液表皮样癌和复杂癌基因组","长读长能否更完整地解析肿瘤中的复杂重排、单倍型和甲基化背景？","癌症队列与软件方法研究显示，长读长可解析部分复杂重排和体细胞结构变异，并为后续机制研究提供候选。","肿瘤队列与软件方法","发现重排或关联甲基化图谱不等于药物靶点或治疗获益；需独立临床与功能验证。","H004S006|H004S009|H004S020"
H004-A04,H004,4,"群体遗传与变异参考","多祖源人群与复杂基因组区域","泛基因组是否能减少单一参考造成的漏检与表示偏差？","多祖源泛基因组和长读长队列扩展了非参考序列、复杂区域和结构变异的群体资料。","群体资源与参考构建","群体频率和图参考中的变异定义不直接说明个体疾病风险或临床意义。","H004S002|H004S005|H004S008|H004S021"
H008-A01,H008,1,"肿瘤微环境研究","人类肿瘤切片、黑色素瘤和多癌种病理队列","空间测量能否识别组织区域、细胞邻域及肿瘤内异质性？","空间 RNA 与空间多组学研究在肿瘤组织中识别了与组织位置相关的细胞状态；Spatial Hi-C-RNA 还发现 RNA 单独不易识别的黑色素瘤亚区。","组织直接测量","一个组织切片不代表整个病灶；空间邻近或共同变化不能单独证明细胞间调控。","H008S019|H008S021"
H008-A02,H008,2,"病理切片与固定石蜡包埋组织研究","固定石蜡包埋组织及回顾性病理样本","保存方式和平台差异如何影响空间结果？","福尔马林固定石蜡包埋（FFPE）和肿瘤基准研究为成像型空间转录组的组织兼容性、细胞分割和跨平台比较提供了资料。","平台基准","不同病理流程、面板和组织类型的性能不能互相替代；应保留组织质量与实验记录。","H008S008|H008S009|H008S019"
H008-A03,H008,3,"发育与组织结构研究","小鼠脑、胚胎及原位组织调控","染色质构象与转录如何随组织位置和发育状态共同变化？","Spatial Hi-C-RNA 在小鼠脑和发育胚胎中观察到与区域和细胞类型相关的染色质、RNA 模式，并描述神经成熟中的共同重塑。","动物组织直接测量","共同的空间模式不能单独证明构象变化驱动转录变化；物种和发育阶段限制外推。","H008S021"
H008-A04,H008,4,"数字病理辅助研究","乳腺癌、肺癌、黑色素瘤和肾透明细胞癌图像队列","常规苏木精—伊红（H&E）染色图像能否近似空间分子图谱？","CarHE 在所评估肿瘤数据中预测了部分空间转录特征与三级淋巴结构（TLS）相关区域，并报告肺癌队列的生存关联。","算法预测与患者队列关联","模型输出不是直接空间分子测量，也不构成临床检测、分层或治疗建议。","H008S022"
H009-A01,H009,1,"免疫刺激与细胞因子研究","受刺激的外周血单个核细胞（PBMC）","RNA 读出能否与细胞内细胞因子蛋白在同一细胞中对应？","CIPHER-seq 在受刺激的 PBMC 中联测细胞内蛋白和转录组，观察到细胞因子诱导与代谢重塑。","同细胞直接测量","特定刺激条件与 PBMC 结果不能代表患者体内免疫状态或疗效反应。","H009S022"
H009-A02,H009,2,"器官参考图谱与复杂组织状态","人肾皮质、心脏组织及相关疾病状态","多模态整合能否提高复杂组织中稀有细胞和适应性状态的识别？","多供体肾脏研究显示，RNA 与染色质可及性（ATAC）的整合可提升部分细胞群和状态的分辨率，并为器官图谱提供框架。","复杂组织基准","识别出的状态需要独立样本、空间定位和功能研究才能成为疾病机制或标志物结论。","H009S021"
H009-A03,H009,3,"肿瘤免疫微环境研究","肝内胆管癌等肿瘤样本","多模态读出能否同时描述肿瘤免疫细胞的表型和调控状态？","肿瘤单细胞多模态研究已在具体样本中描述 Treg 等免疫细胞状态，并提出可供后续验证的候选关系。","患者样本关联与机制线索","细胞状态与治疗靶点之间仍需独立患者队列、空间和功能证据；本表不提供治疗推荐。","H009S016"
H009-A04,H009,4,"药物反应机制研究","HepG2 肝癌细胞的索拉非尼处理","同细胞蛋白与代谢读出能否描绘药物处理后的反应轨迹？","hybrid-scPMA 在 HepG2 单细胞中同时获得蛋白组和代谢组，并报告索拉非尼处理中的时间分辨变化。","细胞系直接测量","细胞系中的分子反应不等于患者药物敏感性或临床用药依据。","H009S023"
