topic_id,chain_id,display_order,question_origin,study_design,representative_result,what_it_supports,source_ids,what_it_does_not_support
H003,H003-A01,1,"一组通用细胞染色和显微图像，能否保留比单一终点更多的生物学信息？","Cell Painting 用多通道染色记录细胞核、细胞质和多种细胞器，再从单细胞图像中提取形态特征。协议研究通过不同染料和实验设置比较形态检出与相似扰动的聚类表现。","2021 年综述汇总了图像表型在疾病表型、作用方向和毒性研究中的应用；2023 年 Cell Painting v3 协议进一步简化步骤并降低部分染料用量，同时报告该流程在多种调整下仍能获得稳定输出。","图像可以成为可重复比较的多维表型读出，因此适合大规模筛选和后续模型分析。","H003S001|H003S002|H003S003","这些形态特征本身不说明靶点，也不证明两个扰动具有相同机制。"
H003,H003-A02,2,"有了多维表型后，下一个问题是：能否从通用图像预测实验人员原本需要另做的细胞健康检测？","研究者在三种癌细胞系的 CRISPR 扰动中，同时采集 Cell Painting 图像和两个定制显微实验的 70 项细胞健康读出，包括增殖、凋亡、活性氧、DNA 损伤和细胞周期；随后用 1500 多种化合物的多剂量图像进行检验，并用正交实验核对预测。","简单机器学习模型能够从 Cell Painting 图像预测多项细胞健康读出，研究报告成本不到定制检测的一半；化合物数据中的部分预测也得到正交读出验证。","通用形态图像可帮助估计部分已定义的细胞健康终点，并减少后续实验的候选范围。","H003S009","只在三种细胞系和指定读出中验证；不能推定所有细胞状态、毒性或疾病模型都能达到相同表现。"
H003,H003-A03,3,"模型用于筛选时，评价重点不只是分类分数，还包括后续实验能否更容易找到活性化合物。","一项研究把单浓度活性读出与 Cell Painting 数据结合，在 140 个不同实验中训练活性预测模型，并通过实际实验检查优先化合物中的活性富集和骨架多样性。","平均受试者工作特征曲线下面积（ROC-AUC）为 0.744±0.108；62% 的实验达到至少 0.7。实验验证显示优先选择的化合物中活性命中得到富集，同时保留了结构多样性。","在相似实验条件下，图像模型可用于缩小初筛规模和调整复测优先级。","H003S006","该结果不是所有靶点和实验体系的统一命中率，也不证明模型预测的作用机制正确。"
H003,H003-A04,4,"图像表型能否从工具研究走向疾病与遗传问题？","后续研究把 Cell Painting 用于肺癌变异、抗病毒筛选和心脏成纤维细胞等问题，并把图像分类与遗传背景、疾病来源或后续实验读出相比较。","这些研究报告了可区分的形态信号或可供复测的候选方向，说明同一分析框架能够迁移到不同研究问题；各研究的样本规模和验证层级并不相同。","疾病来源和遗传扰动可以在图像中形成可研究的表型，但是否有生物学意义取决于独立验证。","H003S010|H003S018|H003S019","不能从分类结果直接推断疾病机制、患者分层或治疗效果。"
H004,H004-A01,1,"线性参考基因组长期缺少着丝粒、节段重复和染色体短臂等区域，复杂变异因此难以完整描述。","端粒到端粒（T2T）联盟利用长读长及互补组装方法构建 CHM13 基因组，并针对以往参考中未完成的约 8% 区域进行连续组装。","研究得到 30.55 亿碱基的序列，除 Y 染色体外其余染色体无缺口；新增近 2 亿碱基，并给出 1956 个基因预测，其中 99 个预测为蛋白编码基因。","长读长和新的组装方法能够进入过去难以分析的重复区域，为复杂变异研究补足参考坐标。","H004S003","这是一个特定样本的参考组装，不代表每个人的基因组都已完整测定。"
H004,H004-A02,2,"单个完整参考仍不能表示不同祖源个体的单倍型和非参考序列，因此研究转向泛基因组。","人类泛基因组参考联盟整合 47 个遗传背景多样个体的分相二倍体组装，构建图状参考，并用同一批短读长数据比较 GRCh38 与泛基因组流程。","该草图加入 1.19 亿碱基的常染色质多态序列和 1115 个基因重复；约 9000 万新增碱基来自结构变异。与 GRCh38 流程相比，小变异发现错误减少 34%，每个单倍型检出的结构变异数量增加 104%。","多祖源图参考可减少单一线性参考的表示偏差，并改善部分变异的检出和分型。","H004S002|H004S004","这些改进来自特定数据和流程，不能换算成所有人群或临床场景的统一诊断增益。"
H004,H004-A03,3,"参考改进之后，还要确认长读长能否在群体尺度建立稳定的结构变异目录。","研究者对 1000 基因组计划 26 个人群中的 1019 人进行中等覆盖度长读长测序，并结合线性参考和图参考分析。","研究得到超过 10 万个具有序列解析的双等位结构变异，并对 30 万个多等位可变数目串联重复进行分型，同时描述不同人群中的缺失、重复、插入和倒位。","群体长读长资源扩大了复杂变异的可观察范围，也为患者基因组中的候选变异排序提供了参考频率。","H004S005|H004S008","群体目录中的罕见或人群特异变异不等于致病变异。"
H004,H004-A04,4,"临床样本中，长读长的价值需要通过短读长或常规检测未解决的问题来检验。","一项早发帕金森病家系研究先用靶向测序、外显子测序和多重连接探针扩增发现 PRKN 一条等位基因的外显子缺失，再用长读长分析另一条等位基因和断点结构。","长读长识别出跨越 700 万碱基、包含 PRKN 大部分编码区的新倒位，使研究者能够把受试者解释为 PRKN 复合杂合携带者。","长读长适合补充解析常规方法难以定位的复杂断点和相位关系。","H004S011","单个家系的解析不能推出所有早发帕金森病或其他遗传病都应采用同一检测路径。"
H008,H008-A01,1,"空间转录组最初要解决的是解离测序丢失组织位置的问题，但不同技术在转录本覆盖、空间分辨率和组织兼容性之间取舍不同。","2021–2024 年的方法综述把技术分为测序型、成像型和区域选择型，并比较捕获原理、探针范围、分辨率、样本格式和分析步骤。","综合结果没有给出单一最优平台，而是表明全转录组覆盖、高空间分辨率、FFPE 兼容性和大组织通量通常不能同时达到最高水平。","平台选择应从组织条件和研究问题出发，不能只看标称分辨率或基因数量。","H008S001|H008S002|H008S004|H008S017","综述中的平台参数不能代替本批样本的实际质量控制。"
H008,H008-A02,2,"平台快速增加后，研究者开始在相同或相邻样本上比较实际灵敏度、分割和组织结构恢复能力。","一项人肿瘤基准使用结肠腺癌、肝细胞癌和卵巢癌的连续切片，对 Stereo-seq、Visium HD FFPE、CosMx 6K 和 Xenium 5K 进行统一处理；相邻切片用 CODEX 测量蛋白，同一样本另做单细胞 RNA 测序，并加入人工核分割和病理标注作为比较依据。","研究按捕获灵敏度、特异性、分子扩散、细胞分割、细胞注释、空间聚类及与 CODEX 的一致性逐项评估，结果形成一个可公开使用的统一多组学基准数据集。","空间平台需要按具体任务和组织条件分别评价；名义上的亚细胞分辨率不足以说明整个工作流的表现。","H008S007","连续切片和相邻 CODEX 不是同一细胞的同步测量，也不能作为所有组织的统一排名。"
H008,H008-A03,3,"独立比较还需要回答：不同平台能否恢复同一肿瘤中的已知微解剖结构？","研究者在结节丰富型髓母细胞瘤冷冻切片上比较 RNAscope HiPlex、Molecular Cartography、Merscope、Xenium 和 Visium，并评估灵敏度、特异性和细胞分割；空间实验后再次成像，用于补充转录本和蛋白读出。","自动成像型方法能够描绘该肿瘤的复杂微解剖并获得细胞类型相关表达；实验后的再次成像提高了细胞分割准确性，也扩展了可整合的读出。","合适的组织结构和正交成像可以直接检验平台是否保留了研究者关心的空间信息。","H008S019","一个肿瘤样本中的平台表现不能直接外推到 FFPE、正常组织或其他病理结构。"
H008,H008-A04,4,"空间数据进入分析阶段后，点位中的细胞组成、空间域和邻域往往需要计算推断。","测序型平台的综合基准比较 11 种方法，并使用具有明确组织结构的参考组织评估实际分辨率、分子扩散和稀有状态检出；去卷积与整合研究还比较不同单细胞参考和模型设置。","基准研究发现分子扩散会随方法和组织变化，并影响有效分辨率；空间数据能够保留某些有组织的稀有细胞状态，但结果同时受测序深度、分辨率和分析方法影响。","空间算法可帮助定位候选结构，但必须报告平台、参考数据和预处理条件。","H008S006|H008S009|H008S010|H008S015|H008S020","推断的细胞比例、邻近和配体受体关系不能单独证明直接互作。"
H009,H009-A01,1,"单细胞转录组能描述细胞状态，却难以直接说明染色质变化与转录变化的先后关系。","SHARE-seq 在同一细胞中测量染色质可及性和 RNA。研究在小鼠皮肤获得 34774 个联合谱，并结合重建的细胞状态轨迹寻找顺式调控关系和调控染色质域。","在重建的状态轨迹中，部分调控染色质域的可及性变化先于基因表达变化。研究据此提出“染色质潜能”，用于量化谱系启动状态并预测细胞命运方向。","同一细胞的配对测量能够建立染色质状态与转录状态之间的对应关系，并据重建轨迹提出时间顺序假设。","H009S004","“染色质潜能”和变化先后均来自计算分析，不等同于对细胞命运的连续观察，也不能直接证明单个调控元件的功能。"
H009,H009-A02,2,"RNA 与染色质配对后，研究者继续追问能否加入细胞表面蛋白，以便把调控状态与免疫表型直接对应。","TEA-seq 以人外周血混合细胞为测试对象，在数千个单细胞中同时读取转录本、表面表位和染色质可及性；ICICLE-seq 则配对测量表面标志物和染色质。","研究证明三种模态可以在同一细胞中共同获取，并可在有表型定义的细胞类型中分析基因调控与表达。","多模态共测能减少分别测量后再匹配带来的不确定性。","H009S005|H009S006","增加模态会引入新的捕获和质量取舍，不能据此假定每种读出都比单模态实验更准确。"
H009,H009-A03,3,"三模态方法建立后，需要独立比较它相对成熟双模态方法增加了什么，又牺牲了什么。","研究者在激活和刺激的人外周血 T 细胞中比较 DOGMA-seq 与 CITE-seq，并测试 digitonin 和低损失裂解两种通透条件。","优化后的 digitonin 条件总体优于低损失裂解。DOGMA-seq 额外提供了染色质可及性信息，但其 mRNA 和细胞表面蛋白文库质量略低于 CITE-seq。","多模态实验设计必须按研究问题权衡新增模态、细胞数和各文库质量。","H009S007","三模态并非在所有指标上优于双模态，也不能忽略通透条件和样本类型。"
H009,H009-A04,4,"当实验数据迅速增加，另一个问题出现了：不同整合和模态预测算法是否会给出一致结论？","2024 年基准使用 47 个单细胞多组学数据集，比较 14 种蛋白或染色质预测算法和 18 种多组学整合算法，并把任务分为垂直、水平和镶嵌式整合。","不同任务的领先方法不同：例如蛋白预测、染色质预测和多种整合任务由不同模型占优，没有一种方法在所有任务中最好。","选择算法时要先定义任务，并同时检查批次校正和生物结构保留。","H009S008|H009S010|H009S011|H009S012","基准排名不能脱离数据类型、指标和参数直接套到新的研究中。"
