topic_id,claim_id,priority,core_conclusion,evidence_scope,evidence_level,source_ids,public_wording_boundary
H003,H003-C01,1,"AI 表型分析的基础不是让模型替代实验判断，而是把显微图像转成可重复比较的细胞状态。Cell Painting 和高内涵成像可以同时记录细胞器、形态和群体内部差异，比单一终点保留更多信息。","已在多种化学扰动、遗传扰动和疾病细胞模型中应用；结果依赖染色、成像、分割和批次控制。",method-consensus,"H003S001|H003S002|H003S003|H003S008|H003S016","使用“表型画像”“形态特征”或“图像表征”；不得称为细胞机制的直接测量。"
H003,H003-C02,2,"机器学习的主要作用是从大量图像中发现可复现的相似性，并帮助排序候选实验。自监督表征和多模态输入在部分任务中提高了命中富集、活性分类和细胞健康读出预测。","证据来自特定细胞系、扰动库和留出数据集；不同研究采用的评价指标并不相同。",algorithm-and-benchmark,"H003S006|H003S007|H003S009|H003S013|H003S014|H003S017","应写“用于排序”“提示候选方向”或“在该数据集中预测”；不得写“模型发现了靶点机制”。"
H003,H003-C03,3,"能否迁移到新实验，比训练集内的高分更重要。细胞来源、培养条件、板位、成像设备和数据处理都会改变形态分布，明场替代、单细胞分析和疾病分类均需要独立批次验证。","多项方法与应用研究报告了跨批次、跨细胞或外部测试，但验证设计并不统一。",validation-boundary,"H003S008|H003S011|H003S012|H003S019|H003S020","不能把一个数据集上的准确率外推到其他细胞、实验室或患者样本。"
H003,H003-C04,4,"表型模型要影响实验决策，需要进入复测和正交验证流程。候选化合物、变异或疾病表型应经过重复成像、生化或遗传读出、独立细胞模型及必要的功能实验逐级确认。","已发表研究支持其作为筛选和假设生成工具；不同应用完成的验证层级不同。",experimental-validation,"H003S005|H003S006|H003S010|H003S015|H003S018|H003S019","本专题不据此推荐具体化合物、靶点或临床方案。"
H004,H004-C01,1,"长读长测序与泛基因组首先改变的是研究者能够看见和描述的变异。连续读段、端粒到端粒参考和多祖源单倍型补足了线性参考难以表示的重复区域、非参考序列和复杂重排。","参考序列和群体资源研究覆盖多种祖源与复杂基因组区域；不同平台和组装流程仍有盲区。",reference-and-population-resource,"H004S001|H004S002|H004S003|H004S004|H004S005|H004S008","应写“改善表示和解析”；不得写成“已完整覆盖所有人群和全部复杂区域”。"
H004,H004-C02,2,"长读长可以在一条分子或一个单倍型上连接结构变异、相位和部分甲基化信息。这种连续性有助于重建断点和复杂等位结构，但结果仍受 DNA 完整性、覆盖度、比对和调用算法影响。","方法论文和病例研究支持多层信息的联合解析；各流程对变异类型的性能不同。",method-and-analysis,"H004S007|H004S012|H004S015|H004S016|H004S018|H004S020","不得把单一调用器的结果作为复杂变异的最终确认。"
H004,H004-C03,3,"临床研究中最明确的增益集中在短读长难以处理的重复扩增、结构变异、假基因区域和相位问题。诊断增益取决于疾病谱、既往检测路径、家系材料和后续验证。","证据包括罕见病队列、家系研究和疾病专项研究，样本量与入组条件差异较大。",clinical-research,"H004S010|H004S011|H004S013|H004S014|H004S017|H004S019","检出一个变异不等于证明致病；不能给出适用于所有遗传病的统一诊断增益。"
H004,H004-C04,4,"肿瘤长读长研究能够把复杂重排、单倍型和甲基化放在同一基因组背景中观察，适合提出驱动事件、克隆结构和耐药机制的候选解释。","现有证据以队列描述、算法研究和特定癌症研究为主。",cancer-application,"H004S006|H004S009|H004S020","候选结构与治疗反应之间若缺少功能或临床验证，只能写成关联或研究线索。"
H008,H008-C01,1,"空间转录组并非单一技术。测序型方法偏向较广的转录本覆盖，成像型方法通常提供更高的空间分辨率但受探针面板限制；区域选择型方法还受到取样区域的影响。","综述、协议和多平台比较覆盖新鲜冻存、FFPE、肿瘤及其他组织。",technology-comparison,"H008S001|H008S002|H008S004|H008S005|H008S007|H008S008|H008S009|H008S017|H008S019","不要只按标称分辨率排列平台，也不要把不同平台的信号直接合并比较。"
H008,H008-C02,2,"实验中可解释的空间分辨率由组织质量、分子扩散、捕获效率、细胞分割和图像配准共同决定。名义上的点位或像素大小不能说明每个区域都达到同样的细胞级精度。","多平台基准研究在不同组织与样本处理中观察到明显性能差异。",benchmark-consensus,"H008S007|H008S008|H008S009|H008S015|H008S019|H008S020","平台参数不能代替本批样本的质量控制和正交复核。"
H008,H008-C03,3,"空间多组学可以把 RNA 与蛋白、染色质或形态联系起来，但“同一位置”有不同含义。同切片共测、相邻切片配准和利用参考数据计算映射，保留的证据层级依次不同。","方法综述和三维、长读长及计算整合研究覆盖多种组合方式。",multimodal-integration,"H008S001|H008S003|H008S012|H008S013|H008S018","相邻切片或计算映射不能写成同一细胞的直接共测。"
H008,H008-C04,4,"空间域、细胞组成、邻域和细胞通讯通常包含计算推断。去卷积与整合方法能帮助定位候选区域和细胞关系，但结果随参考图谱、预处理和模型假设变化。","基准与方法研究显示不存在适用于所有平台和任务的单一最优算法。",computational-inference,"H008S006|H008S009|H008S010|H008S015|H008S017|H008S020","空间邻近和配体受体评分不能单独证明细胞发生直接接触或功能互作。"
H008,H008-C05,5,"空间研究最有价值的用途，是把分子差异放回组织结构，找出应由原位成像、病理复核或功能实验继续追问的区域。","肿瘤、组织再生和其他疾病研究提供了代表性应用。",application-with-validation,"H008S011|H008S016|H008S019","应用案例用于说明研究路径，不据此概括所有组织或疾病。"
H009,H009-C01,1,"单细胞多模态研究需要分清“同一细胞实测”与“跨数据集整合”。RNA、染色质可及性和蛋白若在同一细胞中共同测量，模态关系有直接配对依据；分别测量后再匹配，只能得到计算对应。","方法论文覆盖 RNA-染色质、RNA-蛋白及三模态测量，综述给出技术分类。",measurement-hierarchy,"H009S001|H009S002|H009S004|H009S005|H009S006|H009S013","页面首次介绍方法时必须说明实测模态和推断模态，不能统一写成“同时测量”。"
H009,H009-C02,2,"多一种模态并不意味着结论自动更可靠。每种读出都有自己的缺失和噪声：RNA 受捕获深度影响，染色质信号稀疏，抗体标签还受背景、特异性和面板范围限制。","协议、比较研究和归一化方法均显示实验误差会传入下游整合。",assay-and-quality-control,"H009S005|H009S006|H009S007|H009S009|H009S013","插补或归一化后的数值不能当作独立实验已经确认的表达量。"
H009,H009-C03,3,"整合算法适合回答细胞类型对应、状态连续性和候选调控关系，但不同任务需要不同方法。评价时应同时检查批次混合和生物差异是否被保留。","多项基准比较了配对、非配对和镶嵌式数据上的整合与预测任务。",algorithm-benchmark,"H009S008|H009S010|H009S011|H009S012","低维空间中的接近、预测蛋白或预测染色质信号均属于模型结果。"
H009,H009-C04,4,"多模态数据在疾病和发育研究中的优势，是把细胞身份、功能状态和调控背景放在同一分析框架中。较有分量的研究会用流式、组织染色、功能实验或独立患者样本核对候选细胞群和标志物。","证据来自免疫、肿瘤、血管和造血研究，研究设计与验证深度不同。",application-and-validation,"H009S014|H009S015|H009S016|H009S017|H009S018|H009S019|H009S020","候选细胞状态、标志物或调控路径不能直接转化为诊断、预后或治疗建议。"
