topic_id,theme_id,theme,consolidated_evidence,evidence_class,source_ids,non_extrapolation_boundary
H003,H003-E01,表型画像首先是可比较的多维读出,"Cell Painting 和相关高内涵流程可将细胞形态归纳为多维特征或表征，用于比较化学和遗传扰动。结论的前提是板内与批次间质量控制、稳定的细胞状态和明确的阳性对照。",method-and-protocol,"H003S001|H003S002|H003S003|H003S008|H003S016","形态相似不等同于共享靶点或相同机制。"
H003,H003-E02,深度表征可改善排序但须保留外部测试,"自监督和深度学习表征可提升对扰动、细胞健康或疾病相关形态的分类和检索；在未见批次、细胞系和实验条件上的表现决定其可迁移性。",algorithm-benchmark,"H003S006|H003S007|H003S009|H003S011|H003S012|H003S013|H003S014","训练集内的准确率不能直接外推到新模型、新细胞类型或人体样本。"
H003,H003-E03,模型结果适合生成假设和缩小实验空间,"多项研究显示图像表征可用于富集命中、预测部分细胞健康读出、提示变异或化合物的候选作用方向。它更适合作为后续实验的优先级工具。",prediction-with-orthogonal-follow-up,"H003S006|H003S009|H003S010|H003S017|H003S018|H003S019","除非有独立生化、遗传或功能实验，不能把预测标签写成已证实机制。"
H003,H003-E04,单细胞层级和时间维度是当前方法升级方向,"单细胞分割、子群分析、明场替代和时间分辨成像可减少群体平均掩盖的差异，但也增加分割误差、细胞密度效应和批次结构。",method-development,"H003S008|H003S011|H003S016|H003S019","细胞分割或表征的改进不自动证明生物学解释更准确。"
H003,H003-E05,实验决策必须回到可重复的验证闭环,"可靠工作流应从试验板设计、盲法或留出集、候选复测、正交读出和独立模型复现构成闭环；毒性、活性和疾病表型不能由单一图像模型定论。",experimental-design,"H003S001|H003S002|H003S015|H003S020|H003S003","本专题不提供具体化合物、靶点或临床决策推荐。"
H004,H004-E01,长读长改变复杂区域的可观测性,"长读长、超长读长和端粒到端粒参考使重复序列、节段重复、复杂重排和单倍型结构得到更连续的解析。",technology-and-reference,"H004S001|H004S002|H004S003|H004S005","参考的完整性提高不等于每一平台、每一样本均获得相同解析度。"
H004,H004-E02,泛基因组减少单一线性参考的遗漏,"多祖源单倍型和图参考可更充分表示非参考序列与结构差异；个体化参考进一步改善某些样本的比对和变异表示。",reference-representation,"H004S002|H004S004|H004S005|H004S008","泛基因组能改善表示和检出，但不替代样本质量、覆盖度和变异解释。"
H004,H004-E03,结构变异检出依赖完整分析链,"从高分子 DNA、读长与覆盖度、比对、组装到 SV 调用均会影响结果；不同调用器在变异类型和基因组区域上具有互补性。",analytical-method,"H004S001|H004S012|H004S015|H004S016|H004S018|H004S020","单一调用器或单一证据通常不足以确认复杂重排。"
H004,H004-E04,诊断增益具有疾病和变异类别依赖性,"罕见病和家系研究显示长读长有助于解析短读长遗漏的重复扩增、结构变异和相位关系；这些结果来自特定入组人群与工作流。",clinical-research,"H004S007|H004S010|H004S011|H004S013|H004S014|H004S017|H004S019","检出候选变异不等于确立致病性或普遍提高所有疾病的诊断率。"
H004,H004-E05,肿瘤研究可连接重排、相位和甲基化,"肿瘤长读长研究能够在同一样本中辅助重建复杂重排、单倍型与甲基化图谱，为后续功能和克隆演化研究提供候选结构。",cancer-application,"H004S006|H004S009|H004S020","肿瘤样本中的结构发现不能直接推出驱动作用、治疗反应或临床获益。"
H008,H008-E01,平台选择由问题与样本共同决定,"测序型、成像型和区域选择型空间技术在覆盖范围、分辨率、探针限制、组织兼容性和通量之间存在取舍，实验问题应先于平台名称。",technology-selection,"H008S001|H008S002|H008S004|H008S014|H008S017","不同平台生成的空间信号不可视为可直接互换的同一测量。"
H008,H008-E02,组织处理和细胞分割是结论的一部分,"新鲜冻存、FFPE、切片厚度、RNA 质量、探针设计、细胞分割和图像配准会直接影响转录本回收与细胞归属。",protocol-and-quality,"H008S002|H008S005|H008S007|H008S008|H008S019","平台或算法的技术表现不能脱离组织类型和样本处理流程解释。"
H008,H008-E03,空间多组学扩大读出但增加整合假设,"RNA 与蛋白、表观组或形态信息的共同测量和跨切片整合可补充组织结构解释；同切片实测与相邻切片或计算匹配的证据强度不同。",multimodal-measurement,"H008S001|H008S003|H008S012|H008S013|H008S018","跨切片或跨平台整合不能表述为同一细胞的直接共测。"
H008,H008-E04,去卷积和空间域推断需要参考与基准,"低分辨率点位的细胞组成、空间域和邻域推断依赖单细胞参考、模型假设和预处理；基准研究显示方法表现随平台与数据特征变化。",computational-inference,"H008S006|H008S009|H008S010|H008S015|H008S020","推断的细胞比例、邻近或通讯关系属于模型结果，需以原位或正交方法验证。"
H008,H008-E05,空间关联可定位问题但不直接证明机制,"空间研究可在肿瘤、再生和其他组织中描述区域特异的细胞状态与分子模式，为功能实验提供优先级。",application-and-hypothesis,"H008S011|H008S016|H008S019","共定位、空间相关或邻域富集不能单独证明细胞互作或因果路径。"
H009,H009-E01,同一细胞的实测多模态提供更强的配对证据,"RNA、染色质可及性和蛋白可在同一细胞或细胞核中联合测量，直接保留模态之间的配对关系；不同化学流程的捕获效率与细胞数存在取舍。",paired-measurement,"H009S001|H009S002|H009S004|H009S005|H009S006|H009S013","没有配对测量时，跨数据集对应关系不能称为同一细胞的观测。"
H009,H009-E02,蛋白读出需处理背景与抗体面板限制,"抗体衍生标签扩展了单细胞表型，但背景校正、抗体特异性、面板覆盖和批次效应会影响结果解释。",protein-measurement,"H009S005|H009S006|H009S007|H009S009|H009S013","蛋白信号的归一化或插补结果不等于经独立抗体或组织学复核的蛋白表达。"
H009,H009-E03,整合方法不是生物学事实的替代物,"配对、非配对、纵向和镶嵌式整合可用于注释、比较和发现候选结构；多项基准研究显示最优方法取决于任务、样本组成和评价目标。",computational-integration,"H009S008|H009S010|H009S011|H009S012","低维嵌入、预测模态和批次校正后的邻近关系须保留为计算推断。"
H009,H009-E04,原位和空间连接需要说明测量层级,"把单细胞多模态与空间转录、空间代谢或组织成像连接，可把细胞状态置于组织结构中；同切片共测、相邻切片匹配和参考映射不可混为一谈。",spatial-connection,"H009S014|H009S020|H009S001","空间映射不能单独证明细胞谱系、直接接触或调控因果。"
H009,H009-E05,应用研究应由独立功能证据收束,"疾病、发育与免疫研究利用多模态数据提出候选细胞状态、标志物和调控路径；其中可验证的结论来自针对性实验或独立患者样本。",application-with-validation,"H009S015|H009S016|H009S017|H009S018|H009S019","跨队列关联或候选标志物不构成诊断、预后或治疗推荐。"
