topic_id,method_id,display_order,category,title,what_it_measures,when_to_use,input_and_design,primary_output,quality_checks,limitations,source_ids
H003,H003-M01,1,细胞表型测量,Cell Painting 与高内涵成像,"用多通道染色记录细胞核、线粒体、内质网、肌动蛋白等结构，形成多维形态表型。","需要在同一批细胞中比较化合物、遗传扰动或疾病相关状态，且研究问题不能由单一终点回答时。","预先固定细胞类型、培养条件、扰动时间、剂量、板内对照和成像参数；同一实验应包含足够的重复孔。","细胞或孔位层级的形态特征、扰动间相似性和候选表型。","检查染色质量、焦平面、细胞密度、板位效应、阴阳性对照和批次间的一致性。","形态表型没有靶点特异性；细胞状态、密度和成像变化都可能造成相似信号。","H003S001|H003S002|H003S003|H003S016"
H003,H003-M02,2,图像处理,单细胞分割与特征提取,"把显微图像中的细胞或细胞核分开，并提取形状、纹理、强度、细胞器分布等特征。","需要判断群体平均是否掩盖少数细胞状态，或需要排除细胞数、分割失败和碎片带来的假信号时。","保存原始图像与分割掩膜；在代表性板位、不同细胞密度和异常图像上人工抽查。","单细胞特征、细胞群组成和可追溯的图像质量记录。","评估过分割、欠分割、焦外图像、边缘孔和细胞重叠；分割规则在批次间保持一致。","分割误差会向后传递到所有特征和模型；不同细胞形态不一定适合一套固定参数。","H003S008|H003S011|H003S016"
H003,H003-M03,3,模型分析,形态特征与深度表征,"从人工定义特征或深度学习表征中学习扰动相似性、分类器或检索模型。","已有稳定图像与实验标签，目标是候选排序、模式检索或预测一个已定义读出时。","按实验批次而非随机单细胞划分训练集和留出集；保留独立细胞系、独立批次或独立实验室作为外部测试。","相似性排序、预测概率、特征重要性和留出集性能。","报告数据划分方式、类别不平衡、批次构成、校准情况和外部测试结果。","模型输出依赖训练数据；高分不说明模型学到了可解释的机制。","H003S006|H003S007|H003S012|H003S013|H003S014"
H003,H003-M04,4,筛选决策,候选优选与复测设计,"把图像模型、初筛读出和化学信息用于安排复测顺序，而非直接替代确认实验。","化合物库大、实验成本高，且研究者已有明确的活性或表型读出可用于复测时。","训练数据与待筛库保持相近的细胞、剂量和时间窗；优先保留一部分未参与训练的化合物用于盲法验证。","候选列表、命中富集率、结构多样性和复测结果。","比较模型优选与随机或规则优选的实际命中率；记录失败孔、毒性和复测不一致的化合物。","候选优先级不是活性、选择性或作用机制的最终证据。","H003S006|H003S017|H003S018|H003S020"
H003,H003-M05,5,验证,正交读出与独立模型复核,"用生化、遗传、功能或独立细胞模型确认图像中提出的候选表型。","模型提示了细胞健康、毒性、变异影响或候选作用方向，且需要决定是否进入下一步研究时。","根据问题选择直接读出，例如细胞死亡、DNA 损伤、靶点结合、基因扰动或功能测定；在独立批次复测。","复现结果、效应量、条件依赖性和未复现结果。","盲法或预设阈值、足够重复、独立细胞批次及与图像模型无关的读出。","验证成功只支持所测条件和读出；仍可能不能外推到其他疾病或患者样本。","H003S009|H003S010|H003S015|H003S019"
H004,H004-M01,1,样本与建库,高分子 DNA 提取和长读长建库,"保留足够长的 DNA 分子，供单分子测序读取复杂重复区域和较长的结构变异。","研究目标包含重复扩增、节段重复、倒位、大插入或需要相位信息的变异时。","记录样本来源、保存方式、DNA 完整性、片段长度、文库类型和目标覆盖度；家系研究尽量同时纳入父母样本。","读长分布、覆盖度、碱基质量和样本级测序指标。","检查 DNA 降解、污染、覆盖不均、嵌合及样本身份；不同平台和文库的指标分开报告。","长读长不能弥补低质量 DNA 或不足覆盖；读长和错误模式随平台及文库变化。","H004S001|H004S014|H004S017"
H004,H004-M02,2,参考构建,端粒到端粒参考与泛基因组,"以完整或多祖源单倍型参考表示线性参考难以覆盖的序列和结构。","研究对象位于复杂重复区域、非参考序列或不同祖源中常见的结构变异附近时。","明确采用线性参考、T2T 参考还是图参考；记录样本祖源、参考版本、图构建版本和坐标转换规则。","更完整的比对位置、候选结构变异和单倍型表示。","使用已知区域、家系信息或独立组装检查参考切换造成的坐标和等位表示差异。","参考改进的是表示和检出，不会自动决定变异的功能或临床意义。","H004S002|H004S003|H004S004|H004S005|H004S008"
H004,H004-M03,3,变异解析,比对、组装与结构变异调用,"从长读段中重建断点、插入、缺失、倒位和复杂重排，并尽可能与单倍型关联。","需要给出复杂变异的序列级描述，或需要比较多个候选结构时。","同时保留比对式和组装式证据；使用互补调用策略，记录版本、阈值和过滤规则。","结构变异候选、断点区间、支持读段、单倍型和可视化结果。","检查读取方向与覆盖、断点周围重复序列、调用器间一致性和假阳性过滤；重要事件应人工审阅。","不同调用器对不同变异类别敏感度不同；单一算法通常不足以确认复杂重排。","H004S012|H004S015|H004S016|H004S018|H004S020"
H004,H004-M04,4,多层读出,相位、甲基化与转录证据,"在同一长读段或同一样本中连接变异、相位、甲基化及必要时转录或表观组信息。","候选变异的功能解释依赖等位特异性、表观变化或跨层证据时。","明确哪些数据来自同一分子、同一样本还是不同实验；按样本和等位基因保留关联关系。","相位结构、甲基化模式、等位特异读出和跨层候选解释。","分别评估各模态的覆盖和缺失；用家系、PCR、RNA 或其他正交方法复核关键关系。","共现或同相位不等于致病机制；多层数据仍可能来自相关而非因果关系。","H004S006|H004S007|H004S011|H004S019"
H004,H004-M05,5,临床研究验证,家系共分离与正交确认,"用家系、PCR、其他测序、功能研究和临床表型评估候选变异的可信度与意义。","变异将用于遗传病研究或疾病机制解释时。","预先区分检出、确认、分类和功能解释；记录先证者入组条件、既往检测、家系材料和随访信息。","经确认的变异结构、共分离证据、临床相关性和功能线索。","独立确认断点、排除样本混淆、审查家系遗传方式和与临床表型的匹配。","即使结构被确认，致病性仍可能不明确；研究页不提供个体化诊断或遗传咨询。","H004S010|H004S011|H004S013|H004S014|H004S017"
H008,H008-M01,1,样本准备,组织保存、切片与病理评估,"在空间测量前保留组织结构、RNA 质量和病理信息。","所有空间研究的起点，尤其是样本有限、需要比较病灶区域或使用 FFPE 材料时。","预先规定取样部位、冷缺血时间、保存方式、切片厚度、染色和相邻切片策略；病理人员参与区域定义。","组织图像、区域标注、RNA 或样本质量记录及切片配准信息。","检查组织折叠、坏死、脱片、RNA 降解和切片间方向偏差；保存原始图像。","一张切片不能代表整个病灶；相邻切片的细胞并非同一细胞。","H008S002|H008S005|H008S007|H008S008|H008S019"
H008,H008-M02,2,空间 RNA 测量,测序型空间转录组,"在带空间条形码的区域捕获 RNA，再以测序读出转录本和坐标。","需要较广的转录本覆盖、较大组织区域或发现性研究时。","根据预期细胞大小、组织结构和预算选择点位或高密度捕获；设计生物学重复和必要的单细胞参考。","点位或像素层级的表达矩阵、空间坐标和组织图像。","评估 UMI 或基因数、空间背景、分子扩散、点位覆盖和重复切片的一致性。","一个点位可能含多个细胞；标称像素大小不等于实际的细胞级解析度。","H008S001|H008S002|H008S004|H008S009|H008S017"
H008,H008-M03,3,空间 RNA 测量,成像型空间转录组,"以原位杂交、条形码解码或原位测序在组织中定位预设 RNA 面板。","需要细胞级或亚细胞定位、病理结构核对，且研究问题可由目标基因面板回答时。","根据样本类型和问题设计探针面板；将细胞分割、核染色、组织边界和阴性探针纳入实验计划。","分子坐标、细胞归属、目标基因面板和组织图像。","检查探针特异性、条形码解码、细胞分割、转录本归属和背景信号；对代表性区域人工复核。","面板外基因不可见；细胞分割错误和探针设计会改变细胞类型与空间邻域结果。","H008S005|H008S007|H008S008|H008S019"
H008,H008-M04,4,空间多组学,同切片共测、相邻切片配准与三维重建,"把空间 RNA 与蛋白、表观组或形态联系起来，并区分直接共测和计算配准。","研究问题需要判断组织结构与多个分子层之间的关系时。","在设计时标注每个模态来自同切片、相邻切片还是参考映射；三维研究需预先设置切片间配准和误差评估。","多模态空间图、配准质量、共同或可比较的区域。","检查切片方向、组织变形、配准残差、模态覆盖差异和区域选择偏差。","跨切片重叠不等于同一细胞共测；三维重建受缺失切片与配准误差影响。","H008S001|H008S003|H008S012|H008S013|H008S018"
H008,H008-M05,5,计算与验证,细胞去卷积、空间域和原位复核,"估计混合点位的细胞组成、识别空间域和邻域，并用独立实验检查关键发现。","测序型数据的点位含多个细胞，或需要把空间信号与单细胞参考连接时。","明确单细胞参考的来源与匹配程度；在模型运行前预设感兴趣区域和质量控制规则。","细胞组成估计、空间域、候选邻域和待验证的区域。","比较多个参考或方法，检查重复切片；用原位杂交、免疫染色、病理审阅或功能实验复核关键结论。","去卷积和通讯评分是推断；不能单独证明直接细胞接触或因果关系。","H008S006|H008S010|H008S015|H008S020"
H009,H009-M01,1,同细胞共测,RNA 与染色质可及性联合测量,"在同一细胞或细胞核中读取转录与染色质可及性，保留两个模态的直接配对关系。","需要研究细胞状态与调控元件可及性之间的对应，或分析分化与状态转换时。","根据细胞或细胞核适配性、组织冻存条件和预计细胞数设计；记录每个细胞的双模态覆盖。","配对的 RNA 与 ATAC 矩阵、细胞状态和候选调控关联。","分别检查 RNA、ATAC、线粒体或核质量、双细胞和每细胞配对完整度。","同一细胞的相关性不能单独证明调控因果或时间顺序。","H009S004|H009S001|H009S002"
H009,H009-M02,2,三模态共测,RNA、表面蛋白与染色质联合测量,"在同一细胞中读取转录本、抗体标记的表面表位和染色质可及性。","研究问题同时需要细胞表型、转录状态和调控背景，且样本量允许较复杂的建库时。","预先选择经验证的抗体面板和通透条件；为每种文库设置最低质量阈值，并保留表面标志物的实验对照。","三模态细胞图谱、表型定义和模态间关联。","比较各文库的细胞回收、背景、读数深度和通透条件；避免只用一个模态判定整体质量。","增加 ATAC 读出可能降低 RNA 或蛋白文库质量；不同样本和通透条件的权衡不同。","H009S005|H009S006|H009S007|H009S013"
H009,H009-M03,3,蛋白读出,抗体标签、背景校正与面板质控,"用抗体衍生标签读取蛋白，同时识别非特异背景、抗体质量和面板覆盖带来的限制。","蛋白信号用于定义细胞群、比较状态或与 RNA/ATAC 整合时。","每个抗体保留阳性、阴性或同型对照；记录批号、滴度、染色条件和背景校正方法。","背景校正后的蛋白标签矩阵、面板覆盖和抗体级质量记录。","检查空液滴背景、抗体饱和、批次差异和已知细胞群中的预期表达；关键抗体用独立方法确认。","归一化或插补后的蛋白数值不是额外实验测量；面板外蛋白不可据此推断。","H009S005|H009S006|H009S007|H009S009|H009S013"
H009,H009-M04,4,计算整合,配对、非配对与镶嵌式多模态整合,"将多个模态用于细胞注释、状态比较、缺失模态预测或参考映射，并保留数据之间是否直接配对的说明。","需要整合不同批次、不同测量体系或不同模态覆盖范围的数据时。","先定义任务是垂直整合、水平整合、镶嵌式整合还是模态预测；按样本和批次划分训练、评估与留出数据。","整合后的嵌入、细胞注释、预测模态和任务相关性能指标。","同时评估批次混合、生物差异保留、已知标志物、配对一致性和独立数据表现。","算法排名随任务、指标和数据结构变化；预测模态不能写成实测信号。","H009S008|H009S010|H009S011|H009S012"
H009,H009-M05,5,原位与功能验证,空间映射、流式或组织学复核,"把单细胞多模态提出的候选细胞群和标志物放回组织或功能实验中确认。","准备把候选细胞状态、蛋白标志物或调控路径写入疾病和发育研究结论时。","明确验证对象来自独立患者样本、动物模型还是细胞体系；根据问题选择流式、免疫染色、原位检测或功能扰动。","独立样本中的细胞定位、标志物表达或功能读出。","验证样本与发现样本分开，记录取样时间、组织位置、抗体或探针和统计方法。","独立验证支持特定样本与条件下的结论，不能直接变成诊断、预后或治疗建议。","H009S014|H009S015|H009S016|H009S017|H009S018|H009S019"
H010,H010-M01,1,样本与矩阵准备,多组学样本对齐与层内质控,在整合前保证各组学矩阵对应同一批样本或明确的配对关系，并分别完成层内质控。,对齐后的样本表、各层表达或丰度矩阵、缺失与批次记录。,预先统一样本编号、临床注释和处理信息；每个组学层设置最低检出、覆盖度和批次对照规则。,对齐后的样本表、各层表达或丰度矩阵、缺失与批次记录。,检查批次、缺失和技术重复；不同组学层的缺失模式和技术噪声并不相同；强行填补会制造虚假相关。,不同组学层的缺失模式和技术噪声并不相同；强行填补会制造虚假相关。,H010S001|H010S009|H010S017
H010,H010-M02,2,无监督整合,MOFA+ 与潜因子分解,把多个组学矩阵分解为共享与特异的潜因子，量化各层对总体变异的贡献。,潜因子得分、因子载荷、方差解释率和跨层对应关系。,按样本数与特征数选择稀疏先验；保留独立队列或独立批次作为外部验证。,潜因子得分、因子载荷、方差解释率和跨层对应关系。,检查批次、缺失和技术重复；因子反映的是统计共变，不是已证实的调控关系；因子数量与先验设置会改变结果。,因子反映的是统计共变，不是已证实的调控关系；因子数量与先验设置会改变结果。,H010S001|H010S002|H010S010|H010S018
H010,H010-M03,3,样本融合,相似性网络融合与 iCluster,在各组学层构建样本相似性网络，再融合为综合相似性或联合聚类。,融合相似性矩阵、样本聚类和跨层一致性指标。,为每一层选择合适的距离或核函数；融合前检查单层网络是否被技术批次主导。,融合相似性矩阵、样本聚类和跨层一致性指标。,检查批次、缺失和技术重复；融合结果对距离度量和噪声敏感；相似性高不等于共享机制。,融合结果对距离度量和噪声敏感；相似性高不等于共享机制。,H010S005|H010S006|H010S004
H010,H010-M04,4,监督整合,DIABLO 与表型关联整合,在已知表型或结局标签下，寻找与结局最相关的跨层特征组合。,跨层特征选择、判别成分、交叉验证性能和独立测试结果。,按样本而非随机特征划分训练与测试；类别不平衡和批次效应在建模前处理。,跨层特征选择、判别成分、交叉验证性能和独立测试结果。,检查批次、缺失和技术重复；预测性能高不代表找到因果特征；外部验证失败时应报告而非隐藏。,预测性能高不代表找到因果特征；外部验证失败时应报告而非隐藏。,H010S003|H010S004|H010S020
H010,H010-M05,5,网络推断,先验网络、共表达与图模型,利用数据库先验、共表达或图神经网络构建基因、蛋白或代谢物之间的关系图。,网络拓扑、模块、枢纽节点和候选互作边。,记录边来源、方向性假设和是否使用外部数据库；关键边用扰动或文献正交证据标注。,网络拓扑、模块、枢纽节点和候选互作边。,检查批次、缺失和技术重复；共表达与网络边是假设；数据库先验可能不完整或存在物种、组织偏差。,共表达与网络边是假设；数据库先验可能不完整或存在物种、组织偏差。,H010S007|H010S008|H010S013|H010S014|H010S019
H011,H011-M01,1,实验设计,纵向采样与时间对齐,在同一供体或实验体系中按预定时间点重复采样，并保留处理节点与采样间隔记录。,时间点注释表、样本—时间映射和处理事件日志。,预先确定采样频率、预期转变窗口和缺失时间点的补采规则；记录溶血、冻存和批次信息。,时间点注释表、样本—时间映射和处理事件日志。,检查批次、缺失和技术重复；缺失时间点会限制可识别的时间尺度；不同时间点样本量不等会引入偏差。,缺失时间点会限制可识别的时间尺度；不同时间点样本量不等会引入偏差。,H011S001|H011S007|H011S009
H011,H011-M02,2,动态网络,时间序列基因调控网络推断,从时间分辨表达数据推断调控边或动态网络拓扑。,动态网络边、调控候选和时间依赖权重。,根据采样间隔选择合适算法；保留独立时间序列或扰动实验作验证。,动态网络边、调控候选和时间依赖权重。,检查批次、缺失和技术重复；稀疏采样会产生大量虚假边；推断网络是假设而非实测互作。,稀疏采样会产生大量虚假边；推断网络是假设而非实测互作。,H011S005|H011S006|H011S004
H011,H011-M03,3,多组学动态模型,DANSE 与机制性动态建模,在先验调控网络或增强子信息基础上，构建可模拟时间变化的机制性模型。,动态模型参数、关键转录因子优先级和模拟轨迹。,预先指定模型变量与参数边界；用独立分化或处理时间序列检验模型拟合。,动态模型参数、关键转录因子优先级和模拟轨迹。,检查批次、缺失和技术重复；模型结构决定结论；未观测变量可能导致错误驱动因子。,模型结构决定结论；未观测变量可能导致错误驱动因子。,H011S003|H011S004
H011,H011-M04,4,多组学动态模型,MINIE 与跨时间尺度整合,用微分—代数方程整合不同时间尺度的多组学层，推断层间动态关系。,跨层动态网络、高置信互作和时间尺度分层。,区分快变量与慢变量；结合 bulk 与单细胞时间序列时注明层级关系。,跨层动态网络、高置信互作和时间尺度分层。,检查批次、缺失和技术重复；层间时间对齐误差会改变推断方向；文献验证的边不等于在本数据中成立。,层间时间对齐误差会改变推断方向；文献验证的边不等于在本数据中成立。,H011S004|H011S002
H011,H011-M05,5,因果与去混杂,METALICA 与纵向因果推断,在纵向多组学网络上使用展开和去混杂策略，减少虚假时序因果边。,去混杂后的关联、候选中介和待验证的时序关系。,记录潜在混杂因素和采样处理；对显著边进行文献或实验复核。,去混杂后的关联、候选中介和待验证的时序关系。,检查批次、缺失和技术重复；统计去混杂不能替代干预实验；微生物组队列的外推性有限。,统计去混杂不能替代干预实验；微生物组队列的外推性有限。,H011S002|H011S015|H011S016
H012,H012-M01,1,数据治理,FAIR 与 TRUST 原则落地,用可发现元数据、持久标识符、互操作模式和复用许可提高数据资源可持续性。,元数据记录、标识符策略、访问方式和许可声明。,为每个数据集编写机器可读元数据；公开版本号、更新日期和维护者信息。,元数据记录、标识符策略、访问方式和许可声明。,检查批次、缺失和技术重复；原则合规不保证数据质量或结论正确；元数据缺失会削弱可发现性。,原则合规不保证数据质量或结论正确；元数据缺失会削弱可发现性。,H012S001|H012S002|H012S003
H012,H012-M02,2,知识图谱模式,Biolink Model 与 KGX 交换,用统一本体类与关系谓词表示生物医学实体，并以 KGX 等格式发布图谱。,模式文件、节点边表、谓词映射和交换包。,预先选定标识符前缀和外部本体映射；为边附加来源文献或数据库记录。,模式文件、节点边表、谓词映射和交换包。,检查批次、缺失和技术重复；模式一致不等于事实正确；自动抽取边需要人工或规则复核。,模式一致不等于事实正确；自动抽取边需要人工或规则复核。,H012S004|H012S005|H012S013
H012,H012-M03,3,临床互操作,OMOP 与 FHIR 基因组扩展,把临床表型、诊断和基因组变异映射到通用数据模型，支持跨中心汇总。,标准化表型表、变异注释和映射质量报告。,记录本地编码到标准概念映射；对关键变量进行一致性检查。,标准化表型表、变异注释和映射质量报告。,检查批次、缺失和技术重复；映射损失和本地实践差异会影响跨中心可比性；标准化不等于临床验证。,映射损失和本地实践差异会影响跨中心可比性；标准化不等于临床验证。,H012S006|H012S007|H012S008
H012,H012-M04,4,图谱质量,来源追踪、版本与许可管理,为图谱构建保留来源、版本、更新频率和许可信息，支持审计与复用。,provenance 记录、版本标签、更新日志和许可清单。,构建流水线应可重复运行；每次发布记录输入数据库版本和提取规则。,provenance 记录、版本标签、更新日志和许可清单。,检查批次、缺失和技术重复；缺少更新的图谱会固化过时知识；许可限制会阻碍二次分析。,缺少更新的图谱会固化过时知识；许可限制会阻碍二次分析。,H012S009|H012S010|H012S011
H012,H012-M05,5,可复现分析,工作流容器化与 RO-Crate 打包,锁定软件环境、参数和输入输出，使分析可被他人重复运行与核对。,容器镜像、工作流描述、参数文件和结果校验记录。,公开分析脚本与随机种子；用清单文件记录每个步骤的输入输出哈希。,容器镜像、工作流描述、参数文件和结果校验记录。,检查批次、缺失和技术重复；环境可复现不等于数据可获取；敏感数据访问限制会阻碍完全复现。,环境可复现不等于数据可获取；敏感数据访问限制会阻碍完全复现。,H012S012|H012S014|H012S015|H012S016
