milestone_id,topic_id,display_order,timeframe,title,research_question,study_path,key_finding,evidence_level,current_status_and_boundary,source_ids
H003-P01,H003,1,2021–2023,"从固定染色流程到可比较的细胞表型","同一批细胞的多通道图像能否成为可重复的扰动读出？","在细胞绘图（Cell Painting）与高内涵成像中固定细胞类型、染色、板内对照和成像参数，再以孔位或单细胞特征比较化学与遗传扰动。","多维形态特征可稳定地区分部分扰动状态，并为后续检索和排序提供统一读出。","方法与协议证据","这解决的是测量和比较问题；形态相近并不能证明共享靶点或作用机制。","H003S001|H003S002|H003S003"
H003-P02,H003,2,2024,"深度表征开始用于筛选候选并接受实验复测","图像表征能否提高大规模筛选的命中率和化学多样性？","在既有 Cell Painting 图像上训练或比较深度表征，并将模型优选的候选与随机或常规优选的复测结果比较。","前瞻性筛选研究显示，基于细胞表型的优选可提高部分实验体系中的命中富集率，并保留更多结构多样的候选。","算法预测并有复测","提升只在所报告的细胞、剂量、时间窗和复测读出内成立；候选排序不是活性、选择性或机制的结论。","H003S006|H003S007|H003S017|H003S018"
H003-P03,H003,3,2025,"遗传扰动图谱开始把形态变化用于寻找基因功能线索","细胞形态能否帮助连接基因扰动与细胞状态？","对大规模基因缺失、过表达或变异进行图像采集和特征比较，并以重复实验或已知生物学关系评价信号。","人类细胞形态图谱显示，不同遗传扰动可产生可比较的形态状态，为基因功能线索和变异优先级提供资源。","遗传扰动图谱与关联证据","图谱中的近邻关系是待验证的功能线索；不能据此直接判定基因功能或疾病因果性。","H003S004|H003S005|H003S010"
H003-P04,H003,4,2026,"表征空间的质量需要按研究任务重新检验","预训练特征空间是否真的保留了研究者关心的生物学关系？","在同一 JUMP-MOA 参考板上比较多个预训练表征，分别评价活性、扰动区分度和作用机制检索表现。","不同表征都可通过基础的活性和区分度检查，但对具体作用机制注释的恢复并不相同，说明通用图像质量不能替代任务相关验证。","基准比较证据","结果来自特定细胞系、参考板与机制标签；不能外推为某一模型在所有疾病或细胞类型中更可靠。","H003S023|H003S007|H003S014"
H003-P05,H003,5,2026,"表型筛选开始把感染、药物与细胞健康放在同一读出中","图像表型能否发现常规细胞病变或抗体测定未覆盖的候选？","在病毒感染细胞和复用药物库中进行 Cell Painting，筛出能逆转感染相关形态的候选，并处理磷脂沉积等混杂因素。","研究报告了感染状态的形态识别及候选抗病毒化合物；时间分辨高内涵成像也可区分 EGFR 与 c-Met 的转运相关表型。","原始筛选与正交排除","这些工作说明图像可生成可复测的候选和读出，不能据此推断人体抗病毒疗效或肿瘤治疗获益。","H003S021|H003S022"
H004-P01,H004,1,2022–2023,"完整参考与泛基因组改变复杂区域的表示方式","线性参考无法充分表示的重复序列和结构差异如何被观察？","端粒到端粒参考补全人类基因组序列；人类泛基因组以多个单倍型和图结构表示不同祖源的序列与结构。","复杂重复区、非参考序列和部分结构差异获得更连续的坐标与表示。","参考构建与资源证据","更完整的参考提高的是可表示性和候选检出，不等同于任何样本都能得到可靠变异结论。","H004S002|H004S003|H004S013"
H004-P02,H004,2,2024,"个体化与高覆盖长读长数据推进复杂变异解析","同一人群和个体中的结构变异能否获得更完整的单倍型表示？","以高覆盖长读长数据、个体化泛基因组和多祖源参考比较比对、结构变异和相位结果。","个体化参考与高覆盖数据可改善部分复杂区域的比对和结构变异表示，并提供更完整的群体变异目录。","技术比较与群体资源证据","改善程度依赖样本 DNA、覆盖度、平台错误特征和参考版本；不同流程的候选不能直接互换。","H004S004|H004S008|H004S015"
H004-P03,H004,3,2025,"多祖源长读长队列把结构变异从个例走向群体图谱","不同祖源人群中结构变异和复杂区域的差异能否被系统描述？","在多祖源个体中用长读长测序建立结构变异目录，并与参考和单倍型信息联合分析。","1,019 名多祖源个体的长读长研究扩展了结构变异和复杂区域的群体资料，为后续群体与疾病研究提供了参照。","群体资源证据","群体目录说明变异存在和频率，不直接给出致病性、表型效应或个体诊断结论。","H004S005|H004S008"
H004-P04,H004,4,2026,"泛基因组图开始给出可计算的变异定义与目录","图参考中的变异如何被统一定义、记录和比较？","在 Minigraph-Cactus 人类泛基因组图上以参考树与非参考边定义变异，并分析难以在 GRCh38 中表示的区域。","研究给出约 2,960 万个图参考变异目录，其中一部分参考等位基因不在 GRCh38 上，集中于复杂多等位区域。","原始方法与目录证据","该定义和目录服务于图参考中的表示与检出；不构成变异的功能或临床分级。","H004S021"
H004-P05,H004,5,2026,"长读长分析开始面向串联重复和人工复核效率优化","如何在大规模长读长数据中可靠地识别串联重复与潜在致病扩增？","以三联体、不同长读长平台和疾病队列比较串联重复基因分型、孟德尔一致性和人工可视化结果。","TandemTwister 在所测试数据中提高了串联重复分型效率，并在小型神经发育和神经退行性疾病队列中区分了健康与致病拷贝数范围。","算法基准与有限疾病队列","性能数字与疾病区分均受平台、位点集和队列规模限制；临床解释仍需家系、正交检测与表型证据。","H004S022|H004S017|H004S018"
H008-P01,H008,1,2021–2023,"空间转录组把表达数据放回组织坐标","在保留组织位置的前提下，如何把分子读数与细胞和区域联系起来？","测序型与成像型空间转录组同时输出表达、坐标和组织图像；整合方法处理细胞去卷积、区域识别与空间邻域。","空间数据使研究者能够把表达差异放回组织结构中，但不同技术在覆盖度、空间分辨率和预设面板上存在取舍。","方法与综述证据","空间坐标不等于单细胞真值；细胞分割、分子扩散和组织质量会影响实际分辨率。","H008S001|H008S002|H008S004|H008S010"
H008-P02,H008,2,2024,"平台比较把分辨率、覆盖度和样本条件变成可选择的设计变量","不同空间平台能回答哪些问题，比较时应控制什么？","在肿瘤切片和多平台数据中比较测序型、成像型与相邻切片流程，并记录分子覆盖、组织兼容性和空间精度。","基准研究显示，平台选择应从全组织覆盖、目标基因数量、细胞边界、样本保存和预算出发，而不是只比较标称分辨率。","平台基准证据","同一平台在不同组织、切片质量和实验流程中的表现会变化；跨平台差异不能直接解释为生物学差异。","H008S009|H008S017|H008S020"
H008-P03,H008,3,2025,"高通量亚细胞和固定石蜡包埋样本开始进行跨平台实测比较","高分辨成像平台在人体肿瘤和福尔马林固定石蜡包埋（FFPE）样本中是否具有可比性？","在人体肿瘤和 FFPE 组织中系统比较多种成像型空间转录组平台，评估基因检出、细胞分割、组织适配和重复性。","近期基准研究为高通量亚细胞成像和 FFPE 流程提供了跨平台比较资料，显示组织处理与图像分析同样决定结果。","平台基准证据","基准结果受所用组织、面板和评价指标约束，不能把某个平台写成所有研究问题中的通用最优解。","H008S007|H008S008|H008S019"
H008-P04,H008,4,2026,"空间多组学开始在同一组织切片中连接三维基因组与转录","组织中的染色质构象和转录能否被同时定位？","Spatial Hi-C-RNA 在同一组织切片近单细胞分辨率下联测全基因组染色质接触与转录组，并在小鼠脑、胚胎和人黑色素瘤中比较空间模式。","研究观察到与组织区域和细胞类型相关的染色质与 RNA 模式；在人黑色素瘤中，部分肿瘤亚区仅靠 RNA 不易识别。","同切片多模态直接测量","关联到的构象和转录程序并不单独证明调控因果关系；不同组织和分辨率下的可重复性仍需持续验证。","H008S021"
H008-P05,H008,5,2026,"病理图像可用于推断空间转录特征，但仍属于计算近似","常规苏木精—伊红（H&E）染色图像能否替代或扩展空间转录组测量？","CarHE 以病理图像和空间转录组进行对比学习，在多个肿瘤数据集和平台上预测高维空间转录特征。","模型在所评估数据中近似重建了部分肿瘤微环境和三级淋巴结构（TLS）相关区域，并在肺癌队列中报告了与无病生存的关联。","算法预测与队列关联","预测结果不是直接分子测量，生存关联也不构成临床检测或治疗推荐；需在独立患者队列与直接空间测量中验证。","H008S022"
H009-P01,H009,1,2020–2021,"RNA、染色质和蛋白可以在同一细胞中直接配对","细胞状态和调控背景能否在同一个细胞上同时观察？","同步转录组与染色质可及性测序（SHARE-seq）、转录组—表位—染色质可及性联合测量（TEA-seq）等方法，在单个细胞或细胞核中联合测量 RNA、染色质可及性及部分表面蛋白。","来自同一细胞的读出提供了直接配对关系，可用于描述细胞身份、表面表型与调控状态的共现。","同细胞直接测量","共现不等于调控因果；测序深度、细胞质量和模态间缺失会影响可观察关系。","H009S004|H009S005|H009S006"
H009-P02,H009,2,2022–2024,"平台和算法基准把“联合测量”与“计算整合”区分开","来自不同实验或不同细胞的模态如何被可靠地放入同一图谱？","比较细胞转录组与表面蛋白联合测量（CITE-seq）、DNA—染色质可及性—转录组联合测量（DOGMA-seq）等平台，以及配对、非配对和镶嵌式整合算法的细胞注释、模态预测和任务表现。","基准研究表明，平台选择和数据整合策略会显著影响细胞注释和下游结论；同细胞测量与跨数据集推断必须分开表述。","平台与算法基准","训练集或参考图谱中的性能不能直接外推到新组织、新疾病队列或缺少直接配对的数据。","H009S007|H009S008|H009S011|H009S012"
H009-P03,H009,3,2026,"复杂组织中的多模态整合进入多供体实测比较","多模态整合能否在复杂人体组织中提高细胞状态分辨率？","在 19 位供体的肾皮质中联合 3′、5′ 单细胞 RNA 与同核 RNA—染色质可及性（ATAC）数据，并以心脏组织作方法学验证，比较横向、纵向和全局整合。","联合整合提高了部分同质细胞群、适应性状态和稀有细胞状态的识别，并形成可比较的器官参考图谱框架。","多供体复杂组织基准","结果来自肾脏与辅助心脏验证；“临床相关状态”仍需要独立队列、空间定位和功能研究确认。","H009S021"
H009-P04,H009,4,2026,"细胞内蛋白与 RNA 的同细胞读出扩展到免疫应答问题","传统单细胞 RNA 能否可靠反映细胞内细胞因子蛋白？","CIPHER-seq 在单细胞中联测细胞内蛋白和转录组，并应用于受刺激的外周血单个核细胞（PBMC），比较细胞因子诱导与代谢重塑。","该流程报告了细胞内细胞因子与 RNA 的同步读出，为免疫刺激实验提供了更直接的蛋白—转录对应关系。","同细胞 RNA—蛋白直接测量","结果限于所用 PBMC、刺激条件和抗体/面板；不能替代患者免疫状态评估或临床分层。","H009S022"
H009-P05,H009,5,2026,"同细胞蛋白组—代谢组测量把药物反应推进到更近端读出","单细胞尺度能否同时获得较深的蛋白和代谢信息？","hybrid-scPMA 将自动单细胞捕获、简化前处理、数据非依赖采集（DIA）和数据依赖采集（DDA）质谱放在同一分析流程，应用于 HepG2 细胞的索拉非尼处理。","研究在单个 HepG2 细胞中报告平均 3,510 个蛋白组和 255 个代谢物，并观察到药物干预的时间分辨反应特征。","同细胞蛋白—代谢直接测量","深度、细胞类型和药物反应均来自特定质谱流程和肝癌细胞系；不能外推为患者药物敏感性。","H009S023"
