topic_id,section_order,section_key,section_title,reader_question,editorial_task,required_claim_ids,section_boundary
H003,1,overview,概述,"AI 表型分析究竟测量什么，能帮助研究者做哪类决定？","先解释显微图像如何成为多维细胞表型，再把模型定位为实验排序工具。概述结尾交代：任何机制判断都要回到复测和正交验证。","H003-C01|H003-C02","不以“人工智能发现机制”开篇，不使用替代研究者判断的表述。"
H003,2,research-progress,研究进展,"近年的进展改变了图像表型研究的哪几个环节？","按表征学习、单细胞分辨、明场替代和更大扰动图谱组织内容。重点写这些方法怎样提高检索与排序，以及迁移到新实验时为何仍可能失效。","H003-C02|H003-C03","训练集成绩和个别应用案例不得写成普遍性能。"
H003,3,methods,研究工具和方法,"一个可信的 AI 表型实验需要哪些环节？","说明细胞与扰动设计、Cell Painting 或高内涵成像、图像质控与分割、特征或深度表征、留出测试、候选复测和正交验证。","H003-C01|H003-C03|H003-C04","软件输出只回答其被训练和评估的问题。"
H003,4,applications,应用与疾病关联,"这套方法已经在哪些研究中产生实际作用？","选取药物筛选、毒性、遗传变异和疾病细胞模型说明研究路径。每个例子写清样本、模型任务和验证层级。","H003-C02|H003-C04","不推荐具体化合物、靶点或治疗方案。"
H003,5,references,参考文献,"哪些来源支撑上述判断？","按方法与综述、基准与算法、代表性应用分组列出 20 条来源。",,"只列 sources.csv 中的 H003 来源。"
H004,1,overview,概述,"长读长和泛基因组解决了短读长与单一参考的哪些盲区？","从重复区域、非参考序列、单倍型和复杂重排讲起，说明这一方向改善了哪些观察和表示能力。","H004-C01","不得宣称人类基因组已经在所有人群和个体中完整解析。"
H004,2,research-progress,研究进展,"参考序列、群体资源和变异分析近年有哪些变化？","依次介绍端粒到端粒参考、多祖源泛基因组、群体长读长资源，以及结构变异、相位和甲基化联合解析。","H004-C01|H004-C02","区分参考资源、单个研究样本和临床检测流程。"
H004,3,methods,研究工具和方法,"怎样从样本得到可信的复杂变异？","说明高分子 DNA、平台与覆盖度、从头组装或比对、图参考、SV 调用、相位、甲基化读取及 PCR、家系或其他正交确认。","H004-C02|H004-C03","单一调用器结果和未经验证的候选变异不能写成确定诊断。"
H004,4,applications,应用与疾病关联,"长读长在哪些研究场景中带来明确增量？","以罕见病、家系研究和肿瘤复杂重排为例，分别交代短读长为何困难、长读长补充了什么、结论停在哪一层。","H004-C03|H004-C04","不汇总为统一诊断率，不从重排关联直接推断驱动或疗效。"
H004,5,references,参考文献,"哪些来源支撑上述判断？","按参考与群体资源、方法、遗传病和肿瘤应用分组列出 20 条来源。",,"只列 sources.csv 中的 H004 来源。"
H008,1,overview,概述,"空间转录组与空间多组学为什么不能只看“分辨率”？","先说明三类技术路线，再指出组织处理、分子回收、分割和分析共同决定可解释的空间尺度。","H008-C01|H008-C02","不制作脱离样本和研究问题的单一平台排名。"
H008,2,research-progress,研究进展,"研究正从空间 RNA 测量走向什么？","按更高分辨率、更适配 FFPE、三维重建和空间多组学组织内容；把同切片实测、相邻切片配准和计算映射分开。","H008-C02|H008-C03","不同证据层级不能都称为“同一细胞多组学”。"
H008,3,methods,研究工具和方法,"怎样选择平台并完成可复核的空间分析？","说明取样与病理评估、测序型与成像型测量、细胞分割、去卷积、空间域、邻域和跨模态整合，并列出每一步需要的质量控制。","H008-C01|H008-C02|H008-C04","细胞组成、邻域和通讯评分须标为计算推断。"
H008,4,applications,应用与疾病关联,"空间数据怎样帮助提出新的生物学问题？","用肿瘤、组织再生和其他组织研究说明如何定位区域特异状态，并说明后续原位、病理或功能验证。","H008-C05|H008-C04","共定位或空间相关不等于直接互作和因果机制。"
H008,5,references,参考文献,"哪些来源支撑上述判断？","按技术综述、协议、平台基准、计算方法和应用分组列出 20 条来源。",,"只列 sources.csv 中的 H008 来源。"
H009,1,overview,概述,"单细胞多模态研究中，哪些信息来自同一细胞的直接测量？","以配对证据为主线，解释同细胞共测与跨数据集整合的区别，并列出 RNA、染色质和蛋白各自回答的问题。","H009-C01|H009-C02","不能把所有整合数据称为同一细胞的同时测量。"
H009,2,research-progress,研究进展,"近年的进展是增加模态，还是改变证据关系？","从 RNA-染色质、RNA-蛋白到三模态测量，再讲配对、非配对和空间连接。重点是证据关系如何改变，不按平台堆砌名词。","H009-C01|H009-C03","预测模态和参考映射必须与实测模态分开。"
H009,3,methods,研究工具和方法,"一个多模态实验怎样保留真实差异并控制噪声？","说明样本分配、细胞或细胞核处理、条形码与抗体标签、背景校正、模态质控、配对整合、批次评估和独立验证。","H009-C02|H009-C03","归一化、插补和低维嵌入不是额外的实验测量。"
H009,4,applications,应用与疾病关联,"多模态研究在哪些问题上比单一组学多提供了一层信息？","选取免疫状态、肿瘤、血管和造血研究，说明多模态如何连接细胞身份、功能和调控背景，并标注验证方式。","H009-C04","候选标志物和细胞状态不构成诊疗建议。"
H009,5,references,参考文献,"哪些来源支撑上述判断？","按技术综述、共测方法、整合基准和代表性应用分组列出 20 条来源。",,"只列 sources.csv 中的 H009 来源。"
