topic_id,section_id,display_order,section_key,title,body,argument_chain_ids,claim_ids,source_ids,editorial_boundary
H003,H003-SEC-01,1,overview,概述,"人工智能（AI）辅助的表型分析把显微图像转成可比较的细胞状态。细胞绘图（Cell Painting）和高内涵成像会同时记录细胞核、细胞器和形态变化；同一批图像因此可以用来比较化合物、遗传扰动或疾病相关细胞状态。近年的工作把深度表征加入这条流程，模型可以帮助研究者从大规模扰动中排出更值得复测的候选。结论仍要回到独立实验：图像相似只能提出线索，不能直接说明靶点、作用机制或人体效应。",,"H003-C01|H003-C02|H003-C04","H003S001|H003S002|H003S003|H003S006|H003S009","不把模型输出写成生物学机制或临床结论。"
H003,H003-SEC-02,2,research-progress,研究进展,"这一方向的起点，是把固定的染色、成像和板内对照做成可重复的细胞读出。细胞绘图（Cell Painting）与高内涵成像由此可以比较化学扰动和遗传扰动，而不再只依赖单一终点。2024 年的前瞻性筛选把图像和单浓度活性读出用于 140 个实验：模型优选的化合物在后续复测中有更高的活性命中比例，并保留了较多结构不同的候选。随后，大规模遗传扰动图谱把形态变化用于寻找基因功能和变异优先级线索，但图谱中的相近表型仍需要独立实验确认。2026 年的 JUMP-MOA 参考板比较进一步显示，多个预训练表征在活性和扰动区分上都能通过基础检查，对作用机制检索的表现却不相同。图像表征不能只看一个通用分数，必须按实际研究任务复测。同年的病毒感染筛选和时间分辨成像把这条路线延伸到感染相关形态、表皮生长因子受体（EGFR）与肝细胞生长因子受体（c-Met）转运等读出。图像可以提出可复测的候选和状态变化，但不能直接说明靶点、作用机制或人体疗效。","H003-A01|H003-A02|H003-A03|H003-A04","H003-C01|H003-C02|H003-C03|H003-C04","H003S001|H003S002|H003S003|H003S004|H003S005|H003S006|H003S007|H003S009|H003S010|H003S014|H003S017|H003S018|H003S021|H003S022|H003S023","命中富集、图谱邻近和模型分数分别只适用于原研究的细胞、剂量、时间窗、参考标签和复测读出；不把它们合并为通用性能或机制结论。"
H003,H003-SEC-03,3,methods,研究工具和方法,"一个可复核的 AI 表型实验通常从稳定的细胞模型和扰动设计开始。随后进行 Cell Painting 或高内涵成像，检查染色、焦平面、细胞密度和板位效应，再完成单细胞分割和特征提取。模型训练应按实验批次设置留出集，避免把同一批次的相似图像同时放入训练和测试。模型给出的候选需要用重复成像、生化或遗传读出、独立细胞批次和必要的功能实验逐步确认。方法卡会分别说明高内涵成像、图像分割、深度表征、候选优选和正交验证。","H003-A01|H003-A02|H003-A03","H003-C01|H003-C02|H003-C03|H003-C04","H003S002|H003S006|H003S008|H003S009|H003S015","软件或算法只能回答其训练和评估过的问题。"
H003,H003-SEC-04,4,applications,应用与疾病关联,"化合物筛选是目前最直接的应用场景：在特定细胞体系中，图像表征可以把复测优先级放在更可能有活性的候选上，也能保留一部分结构差异较大的分子。疾病相关研究则把这套读出放到患者来源的心脏成纤维细胞和病毒感染细胞中，观察预先定义的状态是否出现可区分的形态特征，并据此安排后续实验。遗传扰动和肺癌相关变异研究提供的是另一类线索：细胞形态可提示哪些变异或基因扰动值得继续做蛋白、遗传或功能验证。时间分辨高内涵成像还在 A549 细胞中比较了 EGFR 与 c-Met 转运受阻后的不同表型。上述结果分别来自体外筛选、患者来源细胞、感染模型或细胞系；它们能帮助设计复测，不能代替变异致病性判断、疾病诊断或治疗选择。","H003-A01|H003-A03|H003-A02|H003-A04","H003-C02|H003-C03|H003-C04","H003S004|H003S005|H003S006|H003S010|H003S018|H003S019|H003S021|H003S022","候选优先级、患者来源细胞的体外表型和受体转运读出均不是临床指标；需要独立遗传、生化或功能证据。"
H003,H003-SEC-05,5,references,参考文献,"本专题收录 23 条已核对来源。方法与流程依据包括图像表型综述和 Cell Painting 协议；算法与基准依据包括深度表征、活性预测、细胞健康预测和任务相关表征比较；应用部分覆盖遗传扰动、药物筛选、感染模型和疾病来源细胞。正文中的判断可分别回溯至 H003-A01 至 H003-A04 的论证链，以及 H003S001 至 H003S023 的完整题录。",,"H003-C01|H003-C02|H003-C03|H003-C04","H003S001|H003S002|H003S003|H003S004|H003S005|H003S006|H003S007|H003S008|H003S009|H003S010|H003S011|H003S012|H003S013|H003S014|H003S015|H003S016|H003S017|H003S018|H003S019|H003S020|H003S021|H003S022|H003S023","页面引用列表只能使用 sources.csv 中的题录。"
H004,H004-SEC-01,1,overview,概述,"长读长测序和人类泛基因组改变了复杂变异的观察方式。短读长和单一线性参考在着丝粒、节段重复、假基因和大型重排附近常出现比对歧义；连续读段、端粒到端粒参考和多祖源单倍型为这些区域提供了更多可用坐标。它们改善的是变异的表示、断点解析和相位信息。一个候选结构即使被测序确认，是否致病、是否与肿瘤演化有关，仍需要家系、功能和临床证据。",,"H004-C01|H004-C02|H004-C03","H004S001|H004S002|H004S003|H004S013|H004S014","不把检出能力写成致病性或普遍诊断能力。"
H004,H004-SEC-02,2,research-progress,研究进展,"首先需要解决的问题，是如何表示参考基因组中缺失的序列。端粒到端粒参考补齐了过去难以连续组装的区域；人类泛基因组再用多个单倍型和图结构表示不同祖源的序列差异。在泛基因组草图所用的数据和流程中，小变异检出错误率降低 34%，每个单倍型检出的结构变异数量增加 104%，但这些数字只说明该参考和分析流程下的比较结果。高覆盖长读长与个体化参考的比较随后显示，部分复杂区域的比对、结构变异表示和相位信息可以得到改善，改善幅度取决于脱氧核糖核酸（DNA）完整性、覆盖度、平台和参考版本。接着，1,019 名、26 个人群的长读长队列把复杂变异带到群体尺度，提供超过 10 万个具有序列解析的双等位结构变异和 30 万个多等位可变数目串联重复的资料。2026 年的图参考研究把变异定义为参考树和非参考边之间可计算的差异，给出约 2,960 万个变异目录；它解决的是图中的表示和比较，不是功能分级。同期的 TandemTwister 在三联体、不同长读长平台和小型疾病队列中测试串联重复分型、孟德尔一致性和人工复核。研究已经从补全参考、建立群体目录推进到用统一规则记录和复核候选变异，致病性判断仍要另行结合家系、表型与正交检测。","H004-A01|H004-A02|H004-A03|H004-A04","H004-C01|H004-C02|H004-C03","H004S002|H004S003|H004S004|H004S005|H004S008|H004S015|H004S017|H004S018|H004S021|H004S022","参考改进、目录构建、算法分型和临床解释属于不同层级；性能受 DNA 质量、覆盖度、平台、参考版本、位点集和队列限制。"
H004,H004-SEC-03,3,methods,研究工具和方法,"可信的复杂变异研究从高分子 DNA 开始。读长、覆盖度和 DNA 完整性决定能否跨越断点和重复区。分析阶段通常并行使用比对式与组装式证据，再结合线性或图参考、结构变异调用、单倍型分相及必要的甲基化读出。重要候选不应只看一个软件的结果，还要查看支持读段、断点周围的重复序列、家系关系和聚合酶链式反应（PCR）或其他正交确认。方法卡分别覆盖样本与建库、泛基因组参考、结构变异调用、跨层读出和临床研究验证。","H004-A01|H004-A02|H004-A04","H004-C01|H004-C02|H004-C03","H004S001|H004S007|H004S012|H004S015|H004S016|H004S018","单一调用器、单一读段类型或单一样本的结果不能独立确认复杂重排。"
H004,H004-SEC-04,4,applications,应用与疾病关联,"在未解罕见病研究中，长读长最常补充的是短读长难以处理的断点、相位和重复扩增。早发帕金森病家系的 PRKN 研究先发现一条等位基因的外显子缺失，再用长读长识别另一条等位基因上跨越 700 万碱基的倒位，才得到该家系的复合杂合解释。肿瘤研究关注另一类问题：长读长可把复杂重排、单倍型与甲基化背景一起观察，为驱动事件、克隆结构或耐药机制提出候选解释。神经发育和神经退行性疾病的小型队列则用 TandemTwister 比较不同平台的重复分型、可视化和健康与致病拷贝数范围。多祖源泛基因组和群体队列提供变异频率与表示的参照，但不能判断某一患者的风险。无论研究对象是家系、疾病队列还是肿瘤样本，发现结构变异不等于完成致病性或药物靶点评估；仍需要共分离、正交检测、功能和临床表型证据。","H004-A01|H004-A03|H004-A02|H004-A04","H004-C03|H004-C04","H004S002|H004S005|H004S006|H004S008|H004S009|H004S010|H004S011|H004S017|H004S018|H004S019|H004S020|H004S021|H004S022","本页供科研参考，不提供遗传诊断、遗传咨询或治疗推荐。"
H004,H004-SEC-05,5,references,参考文献,"本专题收录 22 条已核对来源。参考与群体资源包括端粒到端粒参考、泛基因组和群体长读长目录；方法部分包括比对、结构变异调用、图参考和串联重复分型；应用部分包括遗传病家系、罕见病和肿瘤复杂重排研究。正文可回溯至 H004-A01 至 H004-A04 的论证链，以及 H004S001 至 H004S022 的完整题录。",,"H004-C01|H004-C02|H004-C03|H004-C04","H004S001|H004S002|H004S003|H004S004|H004S005|H004S006|H004S007|H004S008|H004S009|H004S010|H004S011|H004S012|H004S013|H004S014|H004S015|H004S016|H004S017|H004S018|H004S019|H004S020|H004S021|H004S022","页面引用列表只能使用 sources.csv 中的题录。"
H008,H008-SEC-01,1,overview,概述,"空间转录组与空间多组学在测量 RNA、蛋白或其他分子的同时，保留它们在组织中的位置。它们补回了解离测序丢失的组织结构，但不同平台各有取舍：测序型方法通常覆盖更多转录本，成像型方法通常定位更细，区域选择型方法则依赖研究者预先选定区域。用于解释结果的实际空间分辨率还受组织质量、分子扩散、细胞分割和图像配准影响。选择技术前，先明确要观察全组织、细胞类型边界，还是细胞内的分子位置。",,"H008-C01|H008-C02","H008S001|H008S002|H008S004|H008S007|H008S008|H008S009","不以单一参数对平台作通用排名。"
H008,H008-SEC-02,2,research-progress,研究进展,"空间转录组的早期进展，是把 RNA 读数放回组织坐标；随后的重点转为在不同组织样本中检验平台能保留多少空间信息。一项人体肿瘤组织基准研究在结肠腺癌、肝细胞癌和卵巢癌的连续切片上比较 Stereo-seq、Visium HD、CosMx 和 Xenium，并用相邻切片的多重蛋白成像和同一样本的单细胞 RNA 测序作参照。研究不只比较标称分辨率，还检查捕获灵敏度、分子扩散、细胞分割、细胞注释和空间聚类。髓母细胞瘤冷冻切片的独立比较也显示，实验后再次成像可改善细胞分割，但结果仍取决于具体组织与工作流。2025 年的高通量亚细胞和福尔马林固定石蜡包埋（FFPE）样本比较进一步把组织处理和图像分析列为平台评价的一部分。2026 年的 Spatial Hi-C-RNA 则在同一切片上联测染色质接触和 RNA：它在小鼠脑、胚胎和人黑色素瘤中观察到区域相关模式，并发现部分肿瘤亚区仅靠 RNA 不易识别。与此不同，CarHE 从常规苏木精—伊红（H&E）染色图像推断空间转录特征，属于计算预测；它与直接空间测量不能混写。","H008-A01|H008-A02|H008-A03|H008-A04","H008-C01|H008-C02|H008-C03|H008-C04|H008-C05","H008S001|H008S002|H008S004|H008S007|H008S008|H008S009|H008S017|H008S019|H008S020|H008S021|H008S022","连续切片、相邻切片、同切片共测和图像预测属于不同证据层级；空间邻近或共同变化不能单独说明调控因果。"
H008,H008-SEC-03,3,methods,研究工具和方法,"空间实验从取样和病理评估开始。测序型空间转录组适合较广的 RNA 覆盖和发现性问题；成像型方法适合目标基因面板、细胞级定位和与病理图像对照。空间多组学要写清 RNA、蛋白、表观组和形态信息来自同一切片、相邻切片还是计算映射。计算阶段常会进行细胞去卷积、空间域识别、邻域分析和跨模态整合。每一步都要保留组织图像、区域标注、质量控制和参考数据来源。若要把某项空间模式列为主要结论，还应使用原位杂交、免疫染色、病理审阅或功能实验复核。","H008-A01|H008-A04","H008-C01|H008-C02|H008-C03|H008-C04","H008S001|H008S002|H008S005|H008S006|H008S010|H008S013|H008S015|H008S020","细胞组成、空间邻域和通讯评分属于计算推断。"
H008,H008-SEC-04,4,applications,应用与疾病关联,"肿瘤研究经常使用空间测量，因为同一病灶内的病理区域、细胞邻域和分子状态并不一致。患者肿瘤组织切片和黑色素瘤研究已经把 RNA、蛋白或染色质模式定位到具体区域；Spatial Hi-C-RNA 的结果还提示，有些肿瘤亚区仅看 RNA 不容易区分。固定石蜡包埋组织和回顾性病理样本扩大了可用材料范围，但不同病理流程、面板和组织质量会改变细胞分割与分子检出，跨平台结果不能直接互换。在小鼠脑和胚胎中，同切片空间多组学可比较区域相关的染色质构象与转录变化，仍不能据此证明构象改变驱动基因表达。数字病理是另一条延伸路线：CarHE 在乳腺癌、肺癌、黑色素瘤和肾透明细胞癌图像队列中预测部分空间转录特征与三级淋巴结构（TLS）相关区域，并报告肺癌队列的生存关联。模型输出不是直接分子测量，也不构成临床检测、分层或治疗建议。","H008-A01|H008-A02|H008-A03|H008-A04","H008-C03|H008-C04|H008-C05","H008S008|H008S009|H008S019|H008S021|H008S022","一个组织切片不代表整个病灶；动物发育结果不能直接外推人体疾病，空间预测和患者队列关联需要独立患者样本与直接测量复核。"
H008,H008-SEC-05,5,references,参考文献,"本专题收录 22 条已核对来源。技术综述与协议用于解释平台和样本设计；多平台基准研究用于说明分辨率、细胞分割和组织格式的实际影响；同切片空间多组学、计算方法和应用研究用于区分直接测量、整合与空间预测。正文可回溯至 H008-A01 至 H008-A04 的论证链，以及 H008S001 至 H008S022 的完整题录。",,"H008-C01|H008-C02|H008-C03|H008-C04|H008-C05","H008S001|H008S002|H008S003|H008S004|H008S005|H008S006|H008S007|H008S008|H008S009|H008S010|H008S011|H008S012|H008S013|H008S014|H008S015|H008S016|H008S017|H008S018|H008S019|H008S020|H008S021|H008S022","页面引用列表只能使用 sources.csv 中的题录。"
H009,H009-SEC-01,1,overview,概述,"单细胞多模态研究把 RNA、染色质可及性和蛋白等读出放在同一个细胞分析框架中。读者需要先分清两种证据：如果多个模态来自同一细胞，它们之间有直接配对关系；如果数据来自不同细胞或不同实验，再由算法整合，则对应关系属于计算推断。多模态的价值不在于模态数量本身，而在于研究者能否把细胞身份、功能状态和调控背景放在同一问题里判断，并用独立实验检验候选关系。",,"H009-C01|H009-C02|H009-C04","H009S001|H009S002|H009S004|H009S005|H009S006|H009S013","不把整合或预测得到的模态写成同一细胞的实测结果。"
H009,H009-SEC-02,2,research-progress,研究进展,"单细胞多模态研究先解决一个基础问题：RNA、染色质可及性和蛋白能否在同一个细胞中直接配对。同步转录组与染色质可及性测序（SHARE-seq）在小鼠皮肤中获得 RNA—染色质联合谱，并沿计算重建的状态轨迹观察到部分可及性变化早于基因表达；这支持的是时间顺序假设，不是对细胞命运的连续观察。转录组—表位—染色质可及性联合测量（TEA-seq）随后把表面蛋白加入同一细胞读出。与双模态的细胞转录组与表面蛋白联合测量（CITE-seq）相比，DNA—染色质可及性—转录组联合测量（DOGMA-seq）可提供额外的染色质可及性信息，但 RNA 和表面蛋白文库质量会有取舍。2024 年的系统基准把配对、非配对和镶嵌式整合分开比较，结果没有给出一种适用于所有任务的算法。2026 年，多供体肾皮质研究把 3′、5′ 单细胞 RNA 与同核 RNA—染色质可及性数据用于三类整合策略，并在部分同质细胞群、适应性状态和稀有状态中提高分辨率。CIPHER-seq 和 hybrid-scPMA 进一步把同细胞读出扩展到细胞内蛋白—RNA、蛋白组—代谢组；它们分别来自受刺激的外周血单个核细胞和 HepG2 细胞，不能外推为患者状态或药物敏感性。","H009-A01|H009-A02|H009-A03|H009-A04","H009-C01|H009-C02|H009-C03|H009-C04","H009S004|H009S005|H009S006|H009S007|H009S008|H009S010|H009S011|H009S012|H009S021|H009S022|H009S023","同细胞实测与跨数据集推断必须分开；共现、轨迹先后、模态预测和低维空间接近均不能单独说明调控因果。"
H009,H009-SEC-03,3,methods,研究工具和方法,"多模态实验需要分别控制每一种读出。RNA 与染色质可及性共测要检查每个细胞的双模态覆盖、双细胞和细胞或细胞核质量；加入蛋白标签后，还要处理抗体特异性、空液滴背景、面板范围和通透条件。整合分析前应先定义任务：是合并同一细胞的模态、连接不同批次，还是预测缺失模态。2024 年的基准在 47 个数据集上比较 14 种模态预测算法和 18 种整合算法，结果显示不同任务的领先方法不同。方法卡会分别说明共测、三模态、蛋白质控、计算整合和原位或功能验证。","H009-A01|H009-A02|H009-A03|H009-A04","H009-C02|H009-C03","H009S007|H009S008|H009S009|H009S010|H009S011|H009S012","算法排名随任务、数据结构和评价指标变化，不能直接套用。"
H009,H009-SEC-04,4,applications,应用与疾病关联,"在免疫刺激实验中，CIPHER-seq 可把同一细胞内的细胞因子蛋白和转录组读出配对；受刺激的外周血单个核细胞中观察到的细胞因子诱导与代谢重塑，适合用于比较体外刺激条件。多供体肾皮质研究则把 RNA 与染色质可及性整合，用于提高部分细胞群、适应性状态和稀有状态的分辨率，并为器官参考图谱提供框架；这些状态还需要在更多独立供体样本和疾病队列中复现，并通过空间定位和功能研究核对，才能成为疾病机制或标志物结论。肿瘤多模态研究已经在肝内胆管癌等样本中描述调节性 T 细胞（Treg）等免疫细胞的表型与调控状态，但目前仍是患者样本中的关联线索。药物处理实验提供了另一类直接读出：hybrid-scPMA 在 HepG2 肝癌细胞的索拉非尼处理过程中记录单细胞蛋白组和代谢组的时间变化。细胞系反应不能代表患者敏感性；这些结果用于确定下一步需要通过空间测量、功能实验或独立患者样本验证的问题。","H009-A01|H009-A02|H009-A03|H009-A04","H009-C04","H009S016|H009S021|H009S022|H009S023","本页仅供科研参考，不提供诊疗建议或治疗推荐；候选细胞状态、标志物和药物反应均不应直接转写为诊断、预后或治疗建议。"
H009,H009-SEC-05,5,references,参考文献,"本专题收录 23 条已核对来源。技术综述和共测方法用于区分直接测量与计算整合；CITE-seq、DOGMA-seq 和 TEA-seq 的比较用于说明不同模态之间的取舍；算法基准、多供体组织、细胞内蛋白—RNA 与蛋白组—代谢组研究用于限定整合结果和应用结论的范围。正文可回溯至 H009-A01 至 H009-A04 的论证链，以及 H009S001 至 H009S023 的完整题录。",,"H009-C01|H009-C02|H009-C03|H009-C04","H009S001|H009S002|H009S003|H009S004|H009S005|H009S006|H009S007|H009S008|H009S009|H009S010|H009S011|H009S012|H009S013|H009S014|H009S015|H009S016|H009S017|H009S018|H009S019|H009S020|H009S021|H009S022|H009S023","页面引用列表只能使用 sources.csv 中的题录。"
