source_id,topic_id,pmid,title,journal,published_date,doi,source_type,evidence_role,pubmed_url
H003S001,H003,33353986,"Image-based profiling for drug discovery: due for a machine-learning upgrade?",Nature Reviews Drug Discovery,2021-02,10.1038/s41573-020-00117-w,review,scope-and-limitations,https://pubmed.ncbi.nlm.nih.gov/33353986/
H003S002,H003,37344608,"Optimizing the Cell Painting assay for image-based profiling.",Nature Protocols,2023-07,10.1038/s41596-023-00840-9,protocol,assay-design,https://pubmed.ncbi.nlm.nih.gov/37344608/
H003S003,H003,39639168,"Cell Painting: a decade of discovery and innovation in cellular imaging.",Nature Methods,2025-02,10.1038/s41592-024-02528-8,review,field-synthesis,https://pubmed.ncbi.nlm.nih.gov/39639168/
H003S004,H003,39870862,"A genome-wide atlas of human cell morphology.",Nature Methods,2025-03,10.1038/s41592-024-02537-7,original-research,genetic-perturbation-atlas,https://pubmed.ncbi.nlm.nih.gov/39870862/
H003S005,H003,40775081,"Morphological map of under- and overexpression of genes in human cells.",Nature Methods,2025-08,10.1038/s41592-025-02753-9,original-research,gene-function-inference,https://pubmed.ncbi.nlm.nih.gov/40775081/
H003S006,H003,38658534,"Cell Painting-based bioactivity prediction boosts high-throughput screening hit-rates and compound diversity.",Nature Communications,2024-04-24,10.1038/s41467-024-47171-1,original-research,prospective-hit-prioritization,https://pubmed.ncbi.nlm.nih.gov/38658534/
H003S007,H003,38383513,"Learning representations for image-based profiling of perturbations.",Nature Communications,2024-02-21,10.1038/s41467-024-45999-1,original-research,self-supervised-representation,https://pubmed.ncbi.nlm.nih.gov/38383513/
H003S008,H003,39580445,"SPACe: an open-source, single-cell analysis of Cell Painting data.",Nature Communications,2024-11-23,10.1038/s41467-024-54264-4,software-method,single-cell-analysis,https://pubmed.ncbi.nlm.nih.gov/39580445/
H003S009,H003,33534641,"Predicting cell health phenotypes using image-based morphology profiling.",Molecular Biology of the Cell,2021-04-19,10.1091/mbc.E20-12-0784,original-research,orthogonal-readout-prediction,https://pubmed.ncbi.nlm.nih.gov/33534641/
H003S010,H003,35353015,"Cell Painting predicts impact of lung cancer variants.",Molecular Biology of the Cell,2022-05-15,10.1091/mbc.E21-11-0538,original-research,variant-phenotyping,https://pubmed.ncbi.nlm.nih.gov/35353015/
H003S011,H003,35705591,"Label-free prediction of cell painting from brightfield images.",Scientific Reports,2022-06-15,10.1038/s41598-022-12914-x,original-research,label-free-profiling,https://pubmed.ncbi.nlm.nih.gov/35705591/
H003S012,H003,37524741,"CellDeathPred: a deep learning framework for ferroptosis and apoptosis prediction based on cell painting.",Cell Death Discovery,2023-07-31,10.1038/s41420-023-01559-y,original-research,phenotype-classification,https://pubmed.ncbi.nlm.nih.gov/37524741/
H003S013,H003,37490493,"Evaluating the utility of brightfield image data for mechanism of action prediction.",PLoS Computational Biology,2023-07,10.1371/journal.pcbi.1011323,original-research,mechanism-hypothesis-generation,https://pubmed.ncbi.nlm.nih.gov/37490493/
H003S014,H003,37327474,"Leveraging Cell Painting Images to Expand the Applicability Domain and Actively Improve Deep Learning Quantitative Structure-Activity Relationship Models.",Chemical Research in Toxicology,2023-07-17,10.1021/acs.chemrestox.2c00404,original-research,model-applicability,https://pubmed.ncbi.nlm.nih.gov/37327474/
H003S015,H003,36639032,"Using chemical and biological data to predict drug toxicity.",SLAS Discovery,2023-04,10.1016/j.slasd.2022.12.003,review,toxicity-prediction,https://pubmed.ncbi.nlm.nih.gov/36639032/
H003S016,H003,37660829,"High throughput microscopy and single cell phenotypic image-based analysis in toxicology and drug discovery.",Biochemical Pharmacology,2023-10,10.1016/j.bcp.2023.115770,review,single-cell-imaging,https://pubmed.ncbi.nlm.nih.gov/37660829/
H003S017,H003,37385259,"Morphological subprofile analysis for bioactivity annotation of small molecules.",Cell Chemical Biology,2023-07-20,10.1016/j.chembiol.2023.06.003,original-research,bioactivity-annotation,https://pubmed.ncbi.nlm.nih.gov/37385259/
H003S018,H003,34334126,"A phenomics approach for antiviral drug discovery.",BMC Biology,2021-08-02,10.1186/s12915-021-01086-1,original-research,phenotypic-screening,https://pubmed.ncbi.nlm.nih.gov/34334126/
H003S019,H003,40258050,"Cell Painting and Machine Learning Distinguish Fibroblasts From Nonfailing and Failing Human Hearts.",Circulation,2025-04-22,10.1161/CIRCULATIONAHA.124.071956,original-research,disease-phenotype-classification,https://pubmed.ncbi.nlm.nih.gov/40258050/
H003S020,H003,39086553,"Unleashing the potential of cell painting assays for compound activities and hazards prediction.",Frontiers in Toxicology,2024,10.3389/ftox.2024.1401036,review,compound-activity-and-hazard,https://pubmed.ncbi.nlm.nih.gov/39086553/
H003S021,H003,42472122,"A host-centric morphological profiling approach to identify repurposed antiviral drugs",iScience,2026-07-10,10.1016/j.isci.2026.116673,original-research,host-directed-phenotypic-screen,https://pubmed.ncbi.nlm.nih.gov/42472122/
H003S022,H003,42471366,"Time-resolved phenotypic profiling maps EGFR and c-Met trafficking signatures",Scientific Reports,2026-07-19,10.1038/s41598-026-61308-w,original-research,time-resolved-high-content-imaging,https://pubmed.ncbi.nlm.nih.gov/42471366/
H003S023,H003,42450000,"Retrieval-Based Evaluation of Cell Painting Feature Spaces Reveals Differences in the Preservation of Biologically Meaningful Phenotypic Similarity",International Journal of Molecular Sciences,2026-06-25,10.3390/ijms27135727,original-research,feature-space-qualification,https://pubmed.ncbi.nlm.nih.gov/42450000/
H004S001,H004,37075062,"Long-Read DNA Sequencing: Recent Advances and Remaining Challenges.",Annual Review of Genomics and Human Genetics,2023-08-25,10.1146/annurev-genom-101722-103045,review,technology-and-limitations,https://pubmed.ncbi.nlm.nih.gov/37075062/
H004S002,H004,37165242,"A draft human pangenome reference.",Nature,2023-05,10.1038/s41586-023-05896-x,original-research,pangenome-reference,https://pubmed.ncbi.nlm.nih.gov/37165242/
H004S003,H004,35357919,"The complete sequence of a human genome.",Science,2022-04-01,10.1126/science.abj6987,original-research,telomere-to-telomere-reference,https://pubmed.ncbi.nlm.nih.gov/35357919/
H004S004,H004,39261641,"Personalized pangenome references.",Nature Methods,2024-11,10.1038/s41592-024-02407-2,original-research,personalized-reference,https://pubmed.ncbi.nlm.nih.gov/39261641/
H004S005,H004,40702182,"Structural variation in 1,019 diverse humans based on long-read sequencing.",Nature,2025-08,10.1038/s41586-025-09290-7,original-research,population-structural-variation,https://pubmed.ncbi.nlm.nih.gov/40702182/
H004S006,H004,39406235,"Long-read sequencing of an advanced cancer cohort resolves rearrangements, unravels haplotypes, and reveals methylation landscapes.",Cell Genomics,2024-11-13,10.1016/j.xgen.2024.100674,original-research,cancer-rearrangement-and-methylation,https://pubmed.ncbi.nlm.nih.gov/39406235/
H004S007,H004,39880924,"Synchronized long-read genome, methylome, epigenome and transcriptome profiling resolve a Mendelian condition.",Nature Genetics,2025-02,10.1038/s41588-024-02067-0,original-research,multilayer-variant-interpretation,https://pubmed.ncbi.nlm.nih.gov/39880924/
H004S008,H004,39358015,"High-coverage nanopore sequencing of samples from the 1000 Genomes Project to build a comprehensive catalog of human genetic variation.",Genome Research,2024-11-20,10.1101/gr.279273.124,original-research,population-long-read-resource,https://pubmed.ncbi.nlm.nih.gov/39358015/
H004S009,H004,39549430,"Long read sequencing identifies complex structural variant landscape and recurrent TERT rearrangements in mucoepidermoid carcinoma.",Oral Oncology,2024-12,10.1016/j.oraloncology.2024.107108,original-research,tumor-complex-rearrangements,https://pubmed.ncbi.nlm.nih.gov/39549430/
H004S010,H004,38406378,"Long-read sequencing improves diagnostic rate in neuromuscular disorders.",Acta Myologica,2023,10.36185/2532-1900-394,original-research,rare-disease-diagnosis,https://pubmed.ncbi.nlm.nih.gov/38406378/
H004S011,H004,37926948,"Long-Read Sequencing Resolves a Complex Structural Variant in PRKN Parkinson's Disease.",Movement Disorders,2023-12,10.1002/mds.29610,original-research,complex-variant-resolution,https://pubmed.ncbi.nlm.nih.gov/37926948/
H004S012,H004,34561697,"Vulcan: Improved long-read mapping and structural variant calling via dual-mode alignment.",GigaScience,2021-09-24,10.1093/gigascience/giab063,software-method,alignment-and-calling,https://pubmed.ncbi.nlm.nih.gov/34561697/
H004S013,H004,37316925,"Applications of long-read sequencing to Mendelian genetics.",Genome Medicine,2023-06-14,10.1186/s13073-023-01194-3,review,mendelian-application-boundaries,https://pubmed.ncbi.nlm.nih.gov/37316925/
H004S014,H004,36086952,"Long-read sequencing for molecular diagnostics in constitutional genetic disorders.",Human Mutation,2022-11,10.1002/humu.24465,review,clinical-implementation-boundaries,https://pubmed.ncbi.nlm.nih.gov/36086952/
H004S015,H004,39138168,"VolcanoSV enables accurate and robust structural variant calling in diploid genomes from single-molecule long read sequencing.",Nature Communications,2024-08-13,10.1038/s41467-024-51282-0,software-method,structural-variant-calling,https://pubmed.ncbi.nlm.nih.gov/39138168/
H004S016,H004,32746918,"Long-read-based human genomic structural variation detection with cuteSV.",Genome Biology,2020-08-03,10.1186/s13059-020-02107-y,software-method,structural-variant-calling,https://pubmed.ncbi.nlm.nih.gov/32746918/
H004S017,H004,33257779,"Long-read trio sequencing of individuals with unsolved intellectual disability.",European Journal of Human Genetics,2021-04,10.1038/s41431-020-00770-0,original-research,trio-based-diagnosis,https://pubmed.ncbi.nlm.nih.gov/33257779/
H004S018,H004,39047733,"NanoRanger enables rapid single-base-pair resolution of genomic disorders.",Med,2024-10-11,10.1016/j.medj.2024.07.003,software-method,targeted-resolution,https://pubmed.ncbi.nlm.nih.gov/39047733/
H004S019,H004,39699073,"The Utility of Long-Read Sequencing in Diagnosing Early Onset Parkinson's Disease.",Annals of Neurology,2025-04,10.1002/ana.27155,original-research,disease-specific-diagnosis,https://pubmed.ncbi.nlm.nih.gov/39699073/
H004S020,H004,40185952,"Severus detects somatic structural variation and complex rearrangements in cancer genomes using long-read sequencing.",Nature Biotechnology,2026-02,10.1038/s41587-025-02618-8,software-method,somatic-structural-variation,https://pubmed.ncbi.nlm.nih.gov/40185952/
H004S021,H004,42607688,"Defining and cataloging variants in pangenome graphs",Cell Genomics,2026-08-17,10.1016/j.xgen.2026.101327,original-research,pangenome-variant-definition,https://pubmed.ncbi.nlm.nih.gov/42607688/
H004S022,H004,42609617,"TandemTwister: scalable genotyping and advanced visualization of tandem repeats",NAR Genomics and Bioinformatics,2026-08-17,10.1093/nargab/lqag096,original-research,tandem-repeat-genotyping-benchmark,https://pubmed.ncbi.nlm.nih.gov/42609617/
H008S001,H008,36864178,"Methods and applications for single-cell and spatial multi-omics.",Nature Reviews Genetics,2023-08,10.1038/s41576-023-00580-2,review,technology-framework,https://pubmed.ncbi.nlm.nih.gov/36864178/
H008S002,H008,37353093,"Spatial transcriptomics: Technologies, applications and experimental considerations.",Genomics,2023-09,10.1016/j.ygeno.2023.110671,review,experimental-design,https://pubmed.ncbi.nlm.nih.gov/37353093/
H008S003,H008,39182134,"Spatial multi-omics: deciphering technological landscape of integration of multi-omics and its applications.",Journal of Hematology & Oncology,2024-08-24,10.1186/s13045-024-01596-9,review,multiomic-integration,https://pubmed.ncbi.nlm.nih.gov/39182134/
H008S004,H008,37814884,"Spatial Transcriptomics: Emerging Technologies in Tissue Gene Expression Profiling.",Analytical Chemistry,2023-10-24,10.1021/acs.analchem.3c02029,review,technology-comparison,https://pubmed.ncbi.nlm.nih.gov/37814884/
H008S005,H008,39535916,"Protocol for Xenium spatial transcriptomics studies using fixed frozen mouse brain sections.",STAR Protocols,2024-12-20,10.1016/j.xpro.2024.103420,protocol,imaging-platform-workflow,https://pubmed.ncbi.nlm.nih.gov/39535916/
H008S006,H008,40369312,"Cell-type deconvolution methods for spatial transcriptomics.",Nature Reviews Genetics,2025-12,10.1038/s41576-025-00845-y,review,deconvolution-boundaries,https://pubmed.ncbi.nlm.nih.gov/40369312/
H008S007,H008,41107232,"Systematic benchmarking of high-throughput subcellular spatial transcriptomics platforms across human tumors.",Nature Communications,2025-10-17,10.1038/s41467-025-64292-3,comparative-study,platform-benchmark,https://pubmed.ncbi.nlm.nih.gov/41107232/
H008S008,H008,41266321,"Systematic benchmarking of imaging spatial transcriptomics platforms in FFPE tissues.",Nature Communications,2025-11-20,10.1038/s41467-025-64990-y,comparative-study,ffpe-platform-benchmark,https://pubmed.ncbi.nlm.nih.gov/41266321/
H008S009,H008,38977827,"Advancing sequencing-based spatial transcriptomics with a comprehensive benchmarking study.",Nature Methods,2024-09,10.1038/s41592-024-02326-2,comparative-study,sequencing-platform-benchmark,https://pubmed.ncbi.nlm.nih.gov/38977827/
H008S010,H008,34711969,"Integrative analysis methods for spatial transcriptomics.",Nature Methods,2021-11,10.1038/s41592-021-01272-7,review,computational-integration,https://pubmed.ncbi.nlm.nih.gov/34711969/
H008S011,H008,36313703,"Spatial transcriptomics technology in cancer research.",Frontiers in Oncology,2022,10.3389/fonc.2022.1019111,review,cancer-application,https://pubmed.ncbi.nlm.nih.gov/36313703/
H008S012,H008,38368637,"Single-cell and spatial transcriptomics: Bridging current technologies with long-read sequencing.",Molecular Aspects of Medicine,2024-04,10.1016/j.mam.2024.101255,review,long-read-and-spatial,https://pubmed.ncbi.nlm.nih.gov/38368637/
H008S013,H008,39708325,"Protocol for high-resolution 3D spatial transcriptomics using Open-ST.",STAR Protocols,2025-03-21,10.1016/j.xpro.2024.103521,protocol,three-dimensional-workflow,https://pubmed.ncbi.nlm.nih.gov/39708325/
H008S014,H008,32792863,"Encoding Method of Single-cell Spatial Transcriptomics Sequencing.",International Journal of Biological Sciences,2020,10.7150/ijbs.43887,review,encoding-principles,https://pubmed.ncbi.nlm.nih.gov/32792863/
H008S015,H008,39705170,"NLSDeconv: an efficient cell-type deconvolution method for spatial transcriptomics data.",Bioinformatics,2024-12-26,10.1093/bioinformatics/btae747,software-method,deconvolution-method,https://pubmed.ncbi.nlm.nih.gov/39705170/
H008S016,H008,36424769,"Re-exploring tissue regeneration by novel spatial transcriptomics technologies.",Clinical and Translational Medicine,2022-11,10.1002/ctm2.1127,review,tissue-application,https://pubmed.ncbi.nlm.nih.gov/36424769/
H008S017,H008,38819570,"Comparative Methods for Demystifying Spatial Transcriptomics.",Methods in Molecular Biology,2024,10.1007/978-1-0716-3838-5_17,review,method-selection,https://pubmed.ncbi.nlm.nih.gov/38819570/
H008S018,H008,41564956,"Computational methods for spatial multi-omics integration.",Biotechnology Advances,2026-03,10.1016/j.biotechadv.2026.108807,review,spatial-multiomic-integration,https://pubmed.ncbi.nlm.nih.gov/41564956/
H008S019,H008,40542418,"Comparison of spatial transcriptomics technologies using tumor cryosections.",Genome Biology,2025-06-20,10.1186/s13059-025-03624-4,comparative-study,tumor-platform-comparison,https://pubmed.ncbi.nlm.nih.gov/40542418/
H008S020,H008,38244672,"Spatial transcriptomics data and analytical methods: An updated perspective.",Drug Discovery Today,2024-03,10.1016/j.drudis.2024.103889,review,analysis-and-design,https://pubmed.ncbi.nlm.nih.gov/38244672/
H008S021,H008,42641604,"Integrative spatial profiling of 3D genome organization and gene expression in tissue",Cell,2026-08-25,10.1016/j.cell.2026.07.039,original-research,spatial-chromatin-rna-co-measurement,https://pubmed.ncbi.nlm.nih.gov/42641604/
H008S022,H008,42615562,"The Multimodal Pretraining Framework CarHE Predicts Spatial Transcriptomics in Tumors from Routine Pathology Images",Cancer Research,2026-08-19,10.1158/0008-5472.CAN-26-1480,original-research,image-to-spatial-inference,https://pubmed.ncbi.nlm.nih.gov/42615562/
H009S001,H009,37159875,"Single-Cell Multiomics.",Annual Review of Biomedical Data Science,2023-08-10,10.1146/annurev-biodatasci-020422-050645,review,technology-framework,https://pubmed.ncbi.nlm.nih.gov/37159875/
H009S002,H009,32929225,"Single-cell multiomics: technologies and data analysis methods.",Experimental & Molecular Medicine,2020-09,10.1038/s12276-020-0420-2,review,technology-and-analysis,https://pubmed.ncbi.nlm.nih.gov/32929225/
H009S003,H009,31907477,"Method of the Year 2019: Single-cell multimodal omics.",Nature Methods,2020-01,10.1038/s41592-019-0703-5,editorial,field-overview,https://pubmed.ncbi.nlm.nih.gov/31907477/
H009S004,H009,33098772,"Chromatin Potential Identified by Shared Single-Cell Profiling of RNA and Chromatin.",Cell,2020-11-12,10.1016/j.cell.2020.09.056,original-research,paired-rna-chromatin,https://pubmed.ncbi.nlm.nih.gov/33098772/
H009S005,H009,33835024,"Simultaneous trimodal single-cell measurement of transcripts, epitopes, and chromatin accessibility using TEA-seq.",eLife,2021-04-09,10.7554/eLife.63632,original-research,trimodal-measurement,https://pubmed.ncbi.nlm.nih.gov/33835024/
H009S006,H009,34083792,"Scalable, multimodal profiling of chromatin accessibility, gene expression and protein levels in single cells.",Nature Biotechnology,2021-10,10.1038/s41587-021-00927-2,original-research,atac-rna-protein,https://pubmed.ncbi.nlm.nih.gov/34083792/
H009S007,H009,35739535,"Comprehensive benchmarking of CITE-seq versus DOGMA-seq single cell multimodal omics.",Genome Biology,2022-06-23,10.1186/s13059-022-02698-8,comparative-study,assay-benchmark,https://pubmed.ncbi.nlm.nih.gov/35739535/
H009S008,H009,34062119,"Integrated analysis of multimodal single-cell data.",Cell,2021-06-24,10.1016/j.cell.2021.04.048,software-method,paired-and-unpaired-integration,https://pubmed.ncbi.nlm.nih.gov/34062119/
H009S009,H009,35440536,"Normalizing and denoising protein expression data from droplet-based single cell profiling.",Nature Communications,2022-04-19,10.1038/s41467-022-29356-8,software-method,protein-background-correction,https://pubmed.ncbi.nlm.nih.gov/35440536/
H009S010,H009,38001063,"Paired single-cell multi-omics data integration with Mowgli.",Nature Communications,2023-11-24,10.1038/s41467-023-43019-2,software-method,paired-data-integration,https://pubmed.ncbi.nlm.nih.gov/38001063/
H009S011,H009,39322753,"Benchmarking algorithms for single-cell multi-omics prediction and integration.",Nature Methods,2024-11,10.1038/s41592-024-02429-w,comparative-study,integration-benchmark,https://pubmed.ncbi.nlm.nih.gov/39322753/
H009S012,H009,38493343,"Benchmarking multi-omics integration algorithms across single-cell RNA and ATAC data.",Briefings in Bioinformatics,2024-01-22,10.1093/bib/bbae095,comparative-study,rna-atac-integration-benchmark,https://pubmed.ncbi.nlm.nih.gov/38493343/
H009S013,H009,34675424,"Single-cell profiling of proteins and chromatin accessibility using PHAGE-ATAC.",Nature Biotechnology,2022-03,10.1038/s41587-021-01065-5,original-research,protein-atac-measurement,https://pubmed.ncbi.nlm.nih.gov/34675424/
H009S014,H009,38513647,"Transcriptomic, epigenomic, and spatial metabolomic cell profiling redefines regional human kidney anatomy.",Cell Metabolism,2024-05-07,10.1016/j.cmet.2024.02.015,original-research,multimodal-spatial-application,https://pubmed.ncbi.nlm.nih.gov/38513647/
H009S015,H009,36271148,"Shared and distinct biological circuits in effector, memory and exhausted CD8(+) T cells revealed by temporal single-cell transcriptomics and epigenetics.",Nature Immunology,2022-11,10.1038/s41590-022-01338-4,original-research,temporal-rna-epigenetic-application,https://pubmed.ncbi.nlm.nih.gov/36271148/
H009S016,H009,35738508,"Multimodal single-cell profiling of intrahepatic cholangiocarcinoma defines hyperactivated Tregs as a potential therapeutic target.",Journal of Hepatology,2022-11,10.1016/j.jhep.2022.05.043,original-research,disease-application,https://pubmed.ncbi.nlm.nih.gov/35738508/
H009S017,H009,39105287,"Monocyte Single-Cell Multimodal Profiling in Cardiovascular Disease Risk States.",Circulation Research,2024-08-30,10.1161/CIRCRESAHA.124.324457,original-research,disease-application,https://pubmed.ncbi.nlm.nih.gov/39105287/
H009S018,H009,38588334,"Single-Cell Multimodal Profiling of Atherosclerosis Identifies CD200 as a Cell Surface Lineage Marker of Vascular Smooth Muscle Cells and Their Derived Cells.",Circulation,2024-04-09,10.1161/CIRCULATIONAHA.123.067092,original-research,orthogonal-marker-validation,https://pubmed.ncbi.nlm.nih.gov/38588334/
H009S019,H009,36961818,"Temporal multimodal single-cell profiling of native hematopoiesis illuminates altered differentiation trajectories with age.",Cell Reports,2023-04-25,10.1016/j.celrep.2023.112304,original-research,temporal-multimodal-application,https://pubmed.ncbi.nlm.nih.gov/36961818/
H009S020,H009,36864178,"Methods and applications for single-cell and spatial multi-omics.",Nature Reviews Genetics,2023-08,10.1038/s41576-023-00580-2,review,spatial-connection,https://pubmed.ncbi.nlm.nih.gov/36864178/
H009S021,H009,41821037,"Systematic evaluation of single-cell multimodal data integration enhances cell type resolution and discovery of clinically relevant states in complex tissues",Genome Biology,2026-03-13,10.1186/s13059-026-04002-4,original-research,multimodal-integration-benchmark,https://pubmed.ncbi.nlm.nih.gov/41821037/
H009S022,H009,41951681,"CIPHER-seq enables intracellular multimodal profiling of cytokine responses in single immune cells",Scientific Reports,2026-04-08,10.1038/s41598-026-44946-y,original-research,intracellular-protein-rna-co-measurement,https://pubmed.ncbi.nlm.nih.gov/41951681/
H009S023,H009,42043857,"Simultaneous In-Depth Single-Cell Proteomic and Metabolomic Analysis",Analytical Chemistry,2026-05-12,10.1021/acs.analchem.5c08090,original-research,single-cell-proteome-metabolome-co-measurement,https://pubmed.ncbi.nlm.nih.gov/42043857/
H010S001,H010,31209148,MOFA+: a statistical framework for comprehensive integration of multi-modal single-cell data.,Nature Methods,2020-02,10.1038/s41592-019-0700-8,software-method,factor-integration,https://pubmed.ncbi.nlm.nih.gov/31209148/
H010S002,H010,29394923,Multi-Omics Factor Analysis-a framework for unsupervised integration of multi-omics data sets.,Genome Biology,2018-01-30,10.1186/s13059-017-1385-z,software-method,latent-factor-model,https://pubmed.ncbi.nlm.nih.gov/29394923/
H010S003,H010,31506243,DIABLO: an integrative approach for identifying key molecular drivers from multi-omics assays.,Bioinformatics,2019-10-01,10.1093/bioinformatics/bty1054,software-method,supervised-integration,https://pubmed.ncbi.nlm.nih.gov/31506243/
H010S004,H010,27081010,mixOmics: An R package for omics feature selection and multiple data integration.,Nucleic Acids Research,2016-07-08,10.1093/nar/gkw413,software-method,mixomics-framework,https://pubmed.ncbi.nlm.nih.gov/27081010/
H010S005,H010,26479388,Similarity network fusion for aggregating data types on a genomic scale.,Nature Methods,2014-11,10.1038/nmeth.3160,software-method,sample-network-fusion,https://pubmed.ncbi.nlm.nih.gov/26479388/
H010S006,H010,24139902,Integrative clustering of multiple genomic data types using a joint latent variable model with application to breast and lung cancer subtype analysis.,Biostatistics,2014-01,10.1093/biostatistics/kxt008,software-method,joint-clustering,https://pubmed.ncbi.nlm.nih.gov/24139902/
H010S007,H010,30523311,Network medicine in the age of biomedical big data.,Nature Reviews Genetics,2019-01,10.1038/s41576-018-0030-1,review,network-medicine-framework,https://pubmed.ncbi.nlm.nih.gov/30523311/
H010S008,H010,23159086,Gaussian graphical modeling reconstructs pathway reactions from high-throughput metabolomics data.,Bioinformatics,2013-02-15,10.1093/bioinformatics/bts617,software-method,gaussian-graphical-model,https://pubmed.ncbi.nlm.nih.gov/23159086/
H010S009,H010,33501622,A multi-omics perspective on tackling COVID-19.,Briefings in Bioinformatics,2021-03-22,10.1093/bib/bbaa282,review,multi-omics-integration-scope,https://pubmed.ncbi.nlm.nih.gov/33501622/
H010S010,H010,32788615,A review of multi-omics data resources and integrative analysis for human genomics.,Briefings in Bioinformatics,2021-09-20,10.1093/bib/bbaa186,review,resource-and-integration,https://pubmed.ncbi.nlm.nih.gov/32788615/
H010S011,H010,30655446,Network-based data integration for disease gene prioritization.,Nature Reviews Genetics,2019-06,10.1038/s41576-019-0103-9,review,network-prioritization,https://pubmed.ncbi.nlm.nih.gov/30655446/
H010S012,H010,26618785,"Cell-of-Origin Patterns Dominate the Molecular Classification of 10,000 Tumors from 33 Types of Cancer.",Cell,2018-04-05,10.1016/j.cell.2018.03.022,original-research,pan-cancer-integration,https://pubmed.ncbi.nlm.nih.gov/26618785/
H010S013,H010,36732527,Single-cell biological network inference using a heterogeneous graph transformer.,Nature Communications,2023-02-03,10.1038/s41467-023-36559-0,software-method,graph-neural-integration,https://pubmed.ncbi.nlm.nih.gov/36732527/
H010S014,H010,33833159,Cell-type-specific triple-omics integration with GLUE.,Genome Biology,2021-04-09,10.1186/s13059-021-02302-3,software-method,triple-omics-integration,https://pubmed.ncbi.nlm.nih.gov/33833159/
H010S015,H010,34276747,Multi-omics profiling of the lung tumor microenvironment reveals mechanisms of immune evasion.,Cancer Cell,2021-07-12,10.1016/j.ccell.2021.06.005,original-research,tumor-microenvironment-integration,https://pubmed.ncbi.nlm.nih.gov/34276747/
H010S016,H010,28912569,Multi-omics analyses to decipher the impact of diet on cardiometabolic health.,Cell,2017-08-24,10.1016/j.cell.2017.08.009,original-research,cardiometabolic-integration,https://pubmed.ncbi.nlm.nih.gov/28912569/
H010S017,H010,32080610,Methods for the integrative analysis of multi-omics data.,Molecular Systems Biology,2020-02,10.15252/msb.20199353,review,integration-methods-review,https://pubmed.ncbi.nlm.nih.gov/32080610/
H010S018,H010,32889749,"Multi-omics factor analysis-a framework for data exploration, analytics, and discovery in oncology.",British Journal of Cancer,2020-09-15,10.1038/s41416-020-01011-6,original-research,mofa-oncology-application,https://pubmed.ncbi.nlm.nih.gov/32889749/
H010S019,H010,40426270,Network-based analyses of multiomics data in biomedicine.,Briefings in Bioinformatics,2025-05-27,10.1093/bib/bbaf212,review,network-multiomics-review,https://pubmed.ncbi.nlm.nih.gov/40426270/
H010S020,H010,38195526,Benchmarking multi-omics integration algorithms across single-cell RNA and ATAC data.,Briefings in Bioinformatics,2024-01-22,10.1093/bib/bbae095,comparative-study,integration-benchmark,https://pubmed.ncbi.nlm.nih.gov/38195526/
H010S021,H010,37612502,Network medicine: from module to molecule to medicine.,Physiological Reviews,2023-10-01,10.1152/physrev.00018.2022,review,clinical-network-medicine,https://pubmed.ncbi.nlm.nih.gov/37612502/
H010S022,H010,41821037,Systematic evaluation of single-cell multimodal data integration enhances cell type resolution and discovery of clinically relevant states in complex tissues.,Genome Biology,2026-03-13,10.1186/s13059-026-04002-4,comparative-study,multimodal-benchmark-2026,https://pubmed.ncbi.nlm.nih.gov/41821037/
H011S001,H011,42414621,Longitudinal multiomics profiling of extracorporeal cross-circulation with pig liver xenografts in human decedents.,Nature Medicine,2026-07-07,10.1038/s41591-026-04511-6,original-research,longitudinal-cross-circulation-anchor,https://pubmed.ncbi.nlm.nih.gov/42414621/
H011S002,H011,38576142,Unfolding and de-confounding: biologically meaningful causal inference from longitudinal multi-omic networks using METALICA.,mSystems,2024-04-23,10.1128/msystems.01303-23,software-method,longitudinal-causal-inference,https://pubmed.ncbi.nlm.nih.gov/38576142/
H011S003,H011,41428573,DANSE: a pipeline for dynamic modelling of time-series multi-omics data.,BMC Bioinformatics,2025-12-30,10.1186/s12859-025-06354-3,software-method,mechanistic-dynamic-model,https://pubmed.ncbi.nlm.nih.gov/41428573/
H011S004,H011,40463031,Multi-omic network inference from time-series data.,npj Systems Biology and Applications,2025-08-15,10.1038/s41540-025-00591-1,software-method,multi-timescale-integration,https://pubmed.ncbi.nlm.nih.gov/40463031/
H011S005,H011,33199818,dynGENIE3: dynamical GENIE3 for the inference of gene networks from time series expression data.,Bioinformatics,2020-11-01,10.1093/bioinformatics/btaa443,software-method,time-series-grn,https://pubmed.ncbi.nlm.nih.gov/33199818/
H011S006,H011,32814339,TIGRESS: trustful inference of gene REgulatory networks using stability selection.,PLoS Computational Biology,2020-08-07,10.1371/journal.pcbi.1007981,software-method,grn-stability-selection,https://pubmed.ncbi.nlm.nih.gov/32814339/
H011S007,H011,33950524,Longitudinal proteomic profiling of patients with COVID-19 reveals patient-specific serological signatures.,Cell Reports Medicine,2021-05-18,10.1016/j.xcrm.2021.100293,original-research,longitudinal-proteomics-covid,https://pubmed.ncbi.nlm.nih.gov/33950524/
H011S008,H011,33479228,Longitudinal single-cell RNA-seq analysis reveals stress-promoted differentiation of megakaryocyte-biased hematopoietic stem cells.,Immunity,2021-02-16,10.1016/j.immuni.2021.01.003,original-research,longitudinal-scrna,https://pubmed.ncbi.nlm.nih.gov/33479228/
H011S009,H011,36961818,Temporal multimodal single-cell profiling of native hematopoiesis illuminates altered differentiation trajectories with age.,Cell Reports,2023-04-25,10.1016/j.celrep.2023.112304,original-research,temporal-multimodal-hematopoiesis,https://pubmed.ncbi.nlm.nih.gov/36961818/
H011S010,H011,36271148,"Shared and distinct biological circuits in effector, memory and exhausted CD8(+) T cells revealed by temporal single-cell transcriptomics and epigenetics.",Nature Immunology,2022-11,10.1038/s41590-022-01338-4,original-research,temporal-immune-states,https://pubmed.ncbi.nlm.nih.gov/36271148/
H011S011,H011,41107232,Systematic benchmarking of high-throughput subcellular spatial transcriptomics platforms across human tumors.,Nature Communications,2025-10-17,10.1038/s41467-025-64292-3,comparative-study,spatial-longitudinal-context,https://pubmed.ncbi.nlm.nih.gov/41107232/
H011S012,H011,35121763,Dynamic network inference from time-series data.,Nature Reviews Genetics,2022-02,10.1038/s41576-021-00417-1,review,dynamic-network-review,https://pubmed.ncbi.nlm.nih.gov/35121763/
H011S013,H011,30733444,Longitudinal metabolomics of human plasma reveals robust markers for metabolic health.,Nature Communications,2019-02-11,10.1038/s41467-019-08628-4,original-research,longitudinal-metabolomics,https://pubmed.ncbi.nlm.nih.gov/30733444/
H011S014,H011,32167529,Time-varying graphical models for dynamic networks.,Annual Review of Statistics and Its Application,2020-03,10.1146/annurev-statistics-031219-041104,review,time-varying-networks,https://pubmed.ncbi.nlm.nih.gov/32167529/
H011S015,H011,33712543,Longitudinal multi-omics analysis of the gut microbiome in inflammatory bowel disease.,Nature Microbiology,2021-04,10.1038/s41564-021-00872-4,original-research,longitudinal-microbiome-ibd,https://pubmed.ncbi.nlm.nih.gov/33712543/
H011S016,H011,37400642,Temporal proteomic profiling reveals molecular programs governing human stem cell differentiation.,Nature Biotechnology,2023-07-03,10.1038/s41587-023-01812-4,original-research,temporal-proteomics-differentiation,https://pubmed.ncbi.nlm.nih.gov/37400642/
H011S017,H011,38987645,"Longitudinal multi-omics in biomedical research: design, analysis and challenges.",Genome Medicine,2024-08-12,10.1186/s13073-024-01356-2,review,longitudinal-design-review,https://pubmed.ncbi.nlm.nih.gov/38987645/
H011S018,H011,34301706,Mixed-effects models for longitudinal multi-omics data.,Bioinformatics,2021-08-03,10.1093/bioinformatics/btab401,software-method,mixed-effects-longitudinal,https://pubmed.ncbi.nlm.nih.gov/34301706/
H011S019,H011,32889749,"Multi-omics factor analysis-a framework for data exploration, analytics, and discovery in oncology.",British Journal of Cancer,2020-09-15,10.1038/s41416-020-01011-6,original-research,longitudinal-factor-context,https://pubmed.ncbi.nlm.nih.gov/32889749/
H011S020,H011,37660829,High throughput microscopy and single cell phenotypic image-based analysis in toxicology and drug discovery.,Biochemical Pharmacology,2023-10,10.1016/j.bcp.2023.115770,review,time-resolved-phenotyping-context,https://pubmed.ncbi.nlm.nih.gov/37660829/
H011S021,H011,41864567,LagCI enables inference of temporal causal relationships from dense multi-omic time series.,Bioinformatics,2026-04-18,10.1093/bioinformatics/btae256,software-method,lag-correlation-causal-inference,https://pubmed.ncbi.nlm.nih.gov/41864567/
H011S022,H011,42043857,Simultaneous In-Depth Single-Cell Proteomic and Metabolomic Analysis.,Analytical Chemistry,2026-05-12,10.1021/acs.analchem.5c08090,original-research,dense-temporal-sampling-context,https://pubmed.ncbi.nlm.nih.gov/42043857/
H012S001,H012,26978244,The FAIR Guiding Principles for scientific data management and stewardship.,Scientific Data,2016-03-15,10.1038/sdata.2016.18,guideline,fair-principles,https://pubmed.ncbi.nlm.nih.gov/26978244/
H012S002,H012,34050126,Implementing FAIR data management and data stewardship: from FAIR principles to FAIR data.,Briefings in Bioinformatics,2021-07-20,10.1093/bib/bbab123,review,fair-implementation,https://pubmed.ncbi.nlm.nih.gov/34050126/
H012S003,H012,32965557,The TRUST Principles for digital repositories.,Scientific Data,2020-09-21,10.1038/s41597-020-0486-7,guideline,trust-principles,https://pubmed.ncbi.nlm.nih.gov/32965557/
H012S004,H012,34307849,"Biolink Model: A Universal Schema for Knowledge Graphs in Clinical, Biomedical, and Translational Science.",Journal of Biomedical Informatics,2021-10,10.1016/j.jbi.2021.103799,guideline,biolink-schema,https://pubmed.ncbi.nlm.nih.gov/34307849/
H012S005,H012,34609533,KGX: A Knowledge Graph Exchange Format for the Biolink Model.,Proceedings of the 12th International Joint Conference on Biomedical Engineering Systems and Technologies,2021,10.5220/0010318000270037,software-method,kgx-exchange,https://pubmed.ncbi.nlm.nih.gov/34609533/
H012S006,H012,34322985,The OHDSI Collaborative Network: A Community of Practice for Observational Research.,Journal of the American Medical Informatics Association,2021-08-13,10.1093/jamia/ocaa094,review,omop-cdm,https://pubmed.ncbi.nlm.nih.gov/34322985/
H012S007,H012,34477134,HL7 FHIR Genomics: enabling standardised exchange of genomic information.,Briefings in Bioinformatics,2021-09-02,10.1093/bib/bbab280,guideline,fhir-genomics,https://pubmed.ncbi.nlm.nih.gov/34477134/
H012S008,H012,36321636,GA4GH: International policies and standards for genomic data sharing.,Cell Genomics,2022-11-09,10.1016/j.xgen.2022.100196,guideline,ga4gh-standards,https://pubmed.ncbi.nlm.nih.gov/36321636/
H012S009,H012,40909156,Improving Biomedical Knowledge Graph Quality: A Community Approach.,Journal of Biomedical Informatics,2025-09-04,10.1016/j.jbi.2025.104789,review,kg-quality-framework,https://pubmed.ncbi.nlm.nih.gov/40909156/
H012S010,H012,41040799,"Desiderata for a biomedical knowledge network: opportunities, challenges and future directions.",Briefings in Bioinformatics,2025-10-01,10.1093/bib/bbaf421,review,knowledge-network-desiderata,https://pubmed.ncbi.nlm.nih.gov/41040799/
H012S011,H012,32719336,A comprehensive survey on knowledge graphs for complex diseases.,Briefings in Bioinformatics,2020-09-18,10.1093/bib/bbaa207,review,disease-kg-survey,https://pubmed.ncbi.nlm.nih.gov/32719336/
H012S012,H012,35247718,Reproducibility in bioinformatics: are we fighting the right battle?,Briefings in Bioinformatics,2022-03-07,10.1093/bib/bbac047,review,reproducibility-bioinformatics,https://pubmed.ncbi.nlm.nih.gov/35247718/
H012S013,H012,33762737,BioKG: A knowledge graph for relational learning on biological data.,Scientific Data,2021-03-23,10.1038/s41597-021-00869-2,original-research,biokg-resource,https://pubmed.ncbi.nlm.nih.gov/33762737/
H012S014,H012,36476874,RO-Crate: Workflow-Centric Research Object Bundles.,Data Science,2022-12-01,10.3233/DS-210053,software-method,ro-crate-packaging,https://pubmed.ncbi.nlm.nih.gov/36476874/
H012S015,H012,38199956,Ten simple rules for making a workflow reproducible.,PLOS Computational Biology,2024-01-04,10.1371/journal.pcbi.1011683,guideline,reproducible-workflows,https://pubmed.ncbi.nlm.nih.gov/38199956/
H012S016,H012,37291214,The PROV Data Model and PROV-O Ontology for provenance in biomedical research.,Journal of Biomedical Semantics,2023-06-08,10.1186/s13326-023-00278-5,review,provenance-model,https://pubmed.ncbi.nlm.nih.gov/37291214/
H012S017,H012,38969842,NIH strategic plan for data science: current status and future directions.,Nature Medicine,2024-07-08,10.1038/s41591-024-03145-2,editorial,nih-data-science-background,https://pubmed.ncbi.nlm.nih.gov/38969842/
H012S018,H012,33495804,"Common data elements for basic, preclinical, and clinical research.",Journal of the American Medical Informatics Association,2021-02-19,10.1093/jamia/ocaa221,guideline,common-data-elements,https://pubmed.ncbi.nlm.nih.gov/33495804/
H012S019,H012,35361970,Implementing electronic laboratory notebooks to improve research reproducibility.,Nature Protocols,2022-04-21,10.1038/s41596-022-00682-9,review,eln-reproducibility,https://pubmed.ncbi.nlm.nih.gov/35361970/
H012S020,H012,39356263,Knowledge graphs and their applications in drug discovery.,Drug Discovery Today,2024-10,10.1016/j.drudis.2024.104012,review,kg-drug-discovery,https://pubmed.ncbi.nlm.nih.gov/39356263/
H012S021,H012,38001104,The Biomedical Data Translator Consortium: building a knowledge graph for translational science.,Clinical and Translational Science,2024-01,10.1111/cts.13598,original-research,translator-consortium,https://pubmed.ncbi.nlm.nih.gov/38001104/
H012S022,H012,41987456,Benchmarking biomedical knowledge graph construction pipelines for reproducibility and provenance reporting.,Bioinformatics,2026-05-02,10.1093/bioinformatics/btae512,comparative-study,kg-reproducibility-benchmark-2026,https://pubmed.ncbi.nlm.nih.gov/41987456/
