topic_id,display_order,year,discovery,application,source_ids
H003,1,2021,"图像表型开始被用于从多通道细胞形态中推断可复测的细胞健康状态；同一批图像不再只服务于单一终点。","可作为药物或遗传扰动实验的后续读出和复测优先级线索；图像相似本身不能确认靶点、机制或人体效应。","H003S001|H003S009"
H003,2,2022,"Cell Painting 被用于比较肺癌相关变异引起的细胞形态差异，将图像读出拓展到变异功能线索。","可帮助筛出值得进入蛋白、遗传或功能实验的肺癌变异候选；不能替代变异致病性判断。","H003S010"
H003,3,2024,"前瞻性筛选显示，基于 Cell Painting 的生物活性预测可把复测资源优先投向更可能命中的化合物，并保留部分结构差异较大的候选。","适用于特定细胞体系中的体外高通量筛选和候选排序；命中后仍需独立复测与作用机制验证。","H003S006"
H003,4,2026,"参考板比较显示，不同预训练表征对活性与扰动区分可表现相近，但对作用机制检索并不等价；感染筛选和时间分辨成像进一步把图像读出延伸到感染状态及 EGFR、c-Met 转运。","可用于感染模型或细胞系中提出后续复测问题，并比较动态表型；不能据此直接作出治疗选择或人体疗效判断。","H003S021|H003S022|H003S023"
H004,1,2020,"基于长读长的结构变异检测工具开始把复杂断点和较大变异纳入常规分析流程。","为后续罕见病和群体研究提供候选结构变异；检出结果仍需结合覆盖度、比对质量和正交检测。","H004S016"
H004,2,2022,"端粒到端粒参考补齐了此前难以连续组装的区域，改变了复杂区域的参考基础。","为重复序列和结构变异的再分析提供更完整坐标；并不直接给出个体疾病解释。","H004S003"
H004,3,2023,"人类泛基因组草图以多个单倍型和图结构表示序列差异，并在其比较流程中改善了部分小变异与结构变异检出。","可减少单一线性参考带来的表示偏差；具体增益受参考版本、祖源和分析流程影响。","H004S002"
H004,4,2024,"个体化泛基因组、高覆盖人群长读长和靶向解析把相位、复杂重排与单碱基分辨率带入同一分析框架。","可用于未解遗传病、肿瘤复杂重排和特定基因组疾病的候选解析；仍需家系、功能与临床表型证据。","H004S004|H004S006|H004S008|H004S018"
H004,5,2025,"1,019 名多祖源个体的长读长资料扩展了已解析结构变异和串联重复的群体目录。","为个体候选变异提供频率与表示参照；群体目录不能单独判断患者风险。","H004S005"
H004,6,2026,"图参考研究提出可计算的泛基因组变异目录；串联重复工具同时在三联体、多个平台和小型疾病队列中检验分型与一致性。","有助于统一记录和复核复杂候选变异；致病性仍需共分离、正交检测和表型关联。","H004S021|H004S022"
H008,1,2021,"空间转录组分析开始系统处理组织坐标、细胞类型和多组学整合之间的关系。","为组织中的细胞邻域和区域差异提供分析框架；整合结果依赖原始测量质量与模型假设。","H008S010"
H008,2,2023,"技术综述和实验设计框架明确了空间测量需要在分辨率、覆盖范围、组织处理与研究问题之间取舍。","可用于实验前选择平台和样本流程；不同平台的读出不能直接互换。","H008S001|H008S002|H008S004"
H008,3,2024,"跨平台比较把捕获灵敏度、扩散、细胞分割和空间聚类纳入评价，并把组织质量和图像分析列为解释条件。","适用于肿瘤和其它组织样本的平台选择；观察到的区域差异应在相邻切片或独立读出中核对。","H008S009|H008S017|H008S020"
H008,4,2025,"人体肿瘤冷冻切片、FFPE 材料与高通量亚细胞平台的基准研究，将组织处理和细胞分割纳入实际性能评估。","扩大了回顾性病理样本的可用性；病理流程、面板与组织质量会改变跨平台可比性。","H008S007|H008S008|H008S019"
H008,5,2026,"Spatial Hi-C-RNA 在同一切片联测染色质接触与 RNA；CarHE 则从常规 H&E 图像预测部分空间转录特征。","前者可用于脑、胚胎和肿瘤区域的联合观察，后者可提出数字病理线索；预测结果不等同于直接分子测量或临床检测。","H008S021|H008S022"
H009,1,2020,"SHARE-seq 在同一细胞中配对 RNA 与染色质可及性，并以状态轨迹提出部分可及性变化可能早于表达变化。","适用于提出调控顺序假设；轨迹重建不是对细胞命运的连续观察。","H009S004"
H009,2,2021,"TEA-seq 与 DOGMA-seq 将表面蛋白纳入同细胞的 RNA—染色质读出，形成三模态测量。","可用于把细胞身份、表面表型与调控状态放在同一分析单元；不同文库质量之间仍存在取舍。","H009S005|H009S006"
H009,3,2022,"CITE-seq 与 DOGMA-seq 的基准比较表明，多模态增益应结合具体读出与样本设计判断。","适合在免疫和疾病样本中规划测量组合；平台差异不能直接解释为生物差异。","H009S007|H009S016"
H009,4,2024,"多项系统基准分别比较配对、非配对和镶嵌式整合，未发现对所有任务都最优的算法。","可指导不同整合任务的评估设计；整合后的对应关系仍需独立样本和正交实验检验。","H009S011|H009S012"
H009,5,2026,"多供体肾皮质整合提高了部分同质细胞群、适应性状态和稀有状态的分辨率；CIPHER-seq 和 hybrid-scPMA 又将同细胞读出扩展到细胞内蛋白—RNA、蛋白组—代谢组。","可用于器官参考图谱、体外免疫刺激和药物处理的后续验证设计；供体、细胞系或刺激条件下的结果不能直接外推为患者状态或治疗敏感性。","H009S021|H009S022|H009S023"
