scan_id,discovered_on,source_id,topic_id,related_topic_ids,publication_date,authors,title,journal,doi,pmid,stable_url,source_type,evidence_class,research_context,method_and_design,reported_result,application_or_relevance,limits_and_extrapolation,status,review_gate
CU-20260901,2026-09-01,CU-20260901-001,H001,H002,2026-08-22,"Thi Lan Nguyen; Nguyen Quoc Khanh Le","GRASSP: RNA Language Model-Enhanced Graph Attention with Adaptive Gating for RNA-Small Molecule Binding Site Prediction",Bioinformatics,10.1093/bioinformatics/btag638,42633564,https://pubmed.ncbi.nlm.nih.gov/42633564/,original-research;software-method,algorithm-benchmark,"RNA-小分子结合位点预测；TE18、HARIBOSS、TL12 和 JL10 四个基准数据集","预训练 RNA 语言模型表示与预测的二级结构构建空间 RNA 图，再用带自适应门控的两步图注意力模块细化表示。","摘要报告多数基准上的 AUC 最高提高 24.1%，MCC 最高提高 44.5%；消融分析显示预训练 RNA 表示贡献更大，图结构细化提供数据集依赖的补充。","可作为 H001 结构感知预测和 H002 虚拟筛选方法链中的待审方法来源；代码与数据提供公开归档。","结果来自基准数据集和计算预测，不能等同于真实结合、亲和力或功能活性；仍需独立结构或生化实验验证。",queued,待 Sol High 跨来源审定
CU-20260901,2026-09-01,CU-20260901-002,H003,,2026-08-22,"Prasannavenkatesh Durai et al.","ToxiVerse: chemical bioprofiling, toxicity data sharing and customizable predictive modeling",Bioinformatics,10.1093/bioinformatics/btag617,42631687,https://pubmed.ncbi.nlm.nih.gov/42631687/,software-method,public-tool-and-prediction,"面向计算毒理学的公开化学数据与建模平台，覆盖约 50,000 种整理后的化学物质和多个毒性终点","平台包含 PubChem 生物测定数据整理、化学描述符、缺失值机器学习填补、可上传数据的化学信息学模块，并用 ECFP6 指纹和随机森林生成定量构效关系模型。","提供化学分布、毒性数据下载和可定制预测模型；摘要同时给出开源代码仓库。","可作为 H003 表型/化学信息整合和公共工具部分的待审工具来源。","机器学习填补的数据不是新增实测结果；预测受数据集、终点定义和适用域限制，不能直接作为毒性结论或开发决策。",queued,待 Sol High 跨来源审定
CU-20260901,2026-09-01,CU-20260901-003,H005,,2026-08,Chen Xue et al.,Assessing reproducibility of Hi-C chromatin interactions using stratum-adjusted irreproducible discovery rate,Bioinformatics,10.1093/bioinformatics/btag390,,https://doi.org/10.1093/bioinformatics/btag390,original-research;software-method,measurement-reproducibility,"Hi-C 染色质互作重复性评价，重点处理基因组距离造成的重复性差异","按基因组距离划分互作层级，以数据驱动方法选择分层数量，并在不同距离层内估计重复性，减少把距离结构误当成实验一致性的风险。","论文报告了一套面向 Hi-C 互作的分层重复性评估与参数初始化方法。","可补充 H005 调控基因组专题中关于重复性和质量控制的研究进展。","重复性指标只能说明重复实验的一致程度，不能单独证明互作的生物学功能或调控因果；需要结合样本、分辨率和独立实验解释。",queued,待 Sol High 跨来源审定
CU-20260901,2026-09-01,CU-20260901-004,H008,,2026-08-01,"Bar Rozenman; Kevin Hoffer-Hawlik; Nicholas Djedjos; Elham Azizi","ARCADIA reveals spatially dependent transcriptional programs through integration of scRNA-seq and spatial proteomics",Bioinformatics,10.1093/bioinformatics/btag454,42635210,https://pubmed.ncbi.nlm.nih.gov/42635210/,original-research;software-method,spatial-multiomics-integration,"半合成 CITE-seq 基准以及独立的人体扁桃体单细胞 RNA 测序和 CODEX 空间蛋白数据","不依赖细胞条形码配对，也不要求基因与蛋白一一对应；先用细胞组成原型对齐两种模态，再用双变分自编码器保留原型结构和空间邻域信息。","在半合成数据上优于弱连接方法；在独立人体扁桃体数据中重建已知组织结构，并识别与 B 细胞成熟、T 细胞活化或耗竭相关的空间依赖转录程序。","可作为 H008 空间多组学中“跨模态整合与空间邻域解释”的待审方法来源，代码和复现实验公开。","结果主要是方法验证和组织关联分析；扁桃体场景不能直接外推到肿瘤或其他组织，也不能把空间依赖程序直接写成功能因果。",queued,待 Sol High 跨来源审定
CU-20260901,2026-09-01,CU-20260901-005,H009,,2026-08-03,"Jialiang Xue et al.","scDAU: a disentangled representation learning method for cross-modal translation in single-cell multi-omics data",Bioinformatics,10.1093/bioinformatics/btag610,42605072,https://pubmed.ncbi.nlm.nih.gov/42605072/,original-research;software-method,computational-modality-translation,"单细胞 RNA 测序与单细胞 ATAC 测序的跨模态翻译，并在人体胶质母细胞瘤数据上进行应用","使用条件扩散特征正则化、多尺度跨模态翻译网络和特征解耦，将共享生物信号与模态特异信号分开；用 U-Net 架构进行双向翻译。","在多个基准、跨数据集和未见细胞类型预测中报告优于比较方法，并在胶质母细胞瘤数据中保留细胞类型特异的基因表达和染色质可及性模式。","可作为 H009 单细胞多模态中“缺失模态重建与跨数据集测试”的待审来源；代码和 Zenodo 归档可定位。","翻译结果是模型生成的表示，不等于该模态的直接测量；性能依赖训练数据、模态配对和组织背景，不能替代实验检测。",queued,待 Sol High 跨来源审定
CU-20260901,2026-09-01,CU-20260901-006,H015,H002,2026-05-21,"Edin Muratspahić et al.","De novo design of miniproteins targeting GPCRs",Nature,10.1038/s41586-026-10656-8,,https://www.nature.com/articles/s41586-026-10656-8,original-research,design-build-structure-function,"面向多个 G 蛋白偶联受体的从头小蛋白设计，包含体外结合、药理、冷冻电镜和体内验证","使用 MetaGen 与 RFdiffusion 设计骨架和结合分子，结合高通量受体偏转显微筛选、酵母展示、药理学测定和受体复合物冷冻电镜结构。","论文报告了多个受体的激动剂和拮抗剂；五个受体结合设计获得接近计算模型的冷冻电镜结构，其中 CXCR4 拮抗剂在体内动员造血干/祖细胞的效果与临床药物相当。","可补充 H015 从头设计中“计算设计—构建表达—结构和功能验证”的完整链条，也与 H002 的 AI 设计流程相关。","结果仍限于论文中的受体、构建体和动物实验；不能直接外推为临床有效性或安全性，且论文披露了专利和商业利益关系。",queued,待 Sol High 跨来源审定
CU-20260901,2026-09-01,CU-20260901-007,H015,,2026-05-20,"Sangmin Lee et al.","Design of one-component quasisymmetric protein nanocages",Nature,10.1038/s41586-026-10554-z,,https://www.nature.com/articles/s41586-026-10554-z,original-research,design-build-structure-validation,"单组分蛋白纳米笼的参数化设计、表达纯化和电子显微镜/冷冻电镜结构验证","将参数化笼状架构与 RoseTTAFold diffusion 生成设计结合，设计后用 ProteinMPNN 进行序列设计，并通过大肠杆菌表达、纯化、负染电镜和冷冻电镜观察装配。","电子显微镜确认了含 180–2,160 个亚基、直径约 68–220 nm 的部分准对称结构；T=3 结构的冷冻电镜结果显示亚基界面的对称性破缺。","可作为 H015 蛋白工程中“整体架构设计需要结构测量验证”的待审来源，也涉及生物分子递送的结构基础。","结构形成和尺寸控制不等于递送效率、体内稳定性或治疗效果；高 T 数结构存在异质性，不能直接视为已具备开发可行性。",queued,待 Sol High 跨来源审定
CU-20260901,2026-09-01,CU-20260901-008,H022,,2026-09-01,"Jing Zhou et al.","Single-cell spatial transcriptional profiling of pancreatic ductal adenocarcinoma uncovers key immune-modulating and pro-metastatic mechanisms",Cancer Letters,10.1016/j.canlet.2026.218613,42214806,https://pubmed.ncbi.nlm.nih.gov/42214806/,original-research,spatial-patient-and-model-study,"匹配的胰腺导管腺癌原发肿瘤和肝转移灶 FFPE 样本，使用 Xenium In Situ 5K 解析超过 900,000 个细胞，并结合单细胞 RNA 测序和动物/体外模型","以高分辨率单细胞空间转录组记录肿瘤和转移灶的细胞组成、空间组织和细胞间通信，再用体外共培养、类器官/小鼠模型和针对性干预进行部分验证。","研究报告原发灶与肝转移灶的空间和细胞组成差异，并将缺氧、基因组不稳定性和癌症相关成纤维细胞与肿瘤细胞状态及免疫调节联系起来。","可作为 H022 肿瘤空间免疫中“原发灶与转移灶的空间差异及多层验证”的待审来源。","主要围绕胰腺导管腺癌，空间共定位和细胞通信推断不能单独证明因果，也不能直接外推到其他癌症或临床治疗效果。",queued,待 Sol High 跨来源审定
CU-20260901,2026-09-01,CU-20260901-009,H025,,2026-09-01,"Abhishek Roy et al.","Thrombin-PAR1 signaling regulates Topoisomerase 1 activity to bridge inflammation and breast cancer progression",Cancer Letters,10.1016/j.canlet.2026.218646,42219057,https://pubmed.ncbi.nlm.nih.gov/42219057/,original-research,mechanistic-cell-and-animal-study,"三阴性乳腺癌细胞和肿瘤模型，研究凝血酶/PAR1 信号与炎症转录及肿瘤进展的关系","结合细胞信号、Top1 活性、表观调控、NF-κB 读出、药理抑制和肿瘤模型，检验 PAR1、Par-4、EZH2、MLK3–JNK–Cdk1 与炎症程序之间的关系。","研究报告凝血酶增强 Top1 活性和 NF-κB 依赖的炎症基因表达；抑制 PAR1 可使 TNBC 肿瘤对 Top1 抑制剂更敏感。","可作为 H025 肿瘤微环境中“凝血—炎症—肿瘤细胞状态”交叉机制的待审来源。","证据主要来自细胞和动物模型，不能据此推荐抗凝药物或联合治疗，也不能外推为患者获益。",queued,待 Sol High 跨来源审定
